filename,path,pseudo_label,raw_ocr_text,confidence,error
5406.jpg,calli-kaggle\data\data\test\yzq\5406.jpg,UNKNOWN,,0.0,
5407.jpg,calli-kaggle\data\data\test\yzq\5407.jpg,透,透,0.9756498336791992,
5408.jpg,calli-kaggle\data\data\test\yzq\5408.jpg,UNKNOWN,,0.0,
5409.jpg,calli-kaggle\data\data\test\yzq\5409.jpg,钻,钻,0.89036625623703,
5410.jpg,calli-kaggle\data\data\test\yzq\5410.jpg,徙,徙,0.7531241774559021,
5411.jpg,calli-kaggle\data\data\test\yzq\5411.jpg,祝,祝,0.9977680444717407,
5412.jpg,calli-kaggle\data\data\test\yzq\5412.jpg,铰,铰,0.8797814846038818,
5413.jpg,calli-kaggle\data\data\test\yzq\5413.jpg,UNKNOWN,,0.0,
5414.jpg,calli-kaggle\data\data\test\yzq\5414.jpg,函,函,0.9671265482902527,
5415.jpg,calli-kaggle\data\data\test\yzq\5415.jpg,UNKNOWN,,0.0,
5416.jpg,calli-kaggle\data\data\test\yzq\5416.jpg,UNKNOWN,,0.0,
5417.jpg,calli-kaggle\data\data\test\yzq\5417.jpg,蛭,蛭,0.9985790252685547,
5418.jpg,calli-kaggle\data\data\test\yzq\5418.jpg,啤,啤,0.9560075998306274,
5419.jpg,calli-kaggle\data\data\test\yzq\5419.jpg,UNKNOWN,,0.0,
5420.jpg,calli-kaggle\data\data\test\yzq\5420.jpg,镥,镥,0.6901372075080872,
5421.jpg,calli-kaggle\data\data\test\yzq\5421.jpg,线,线,0.9961379170417786,
5422.jpg,calli-kaggle\data\data\test\yzq\5422.jpg,澎,澎,0.9949350953102112,
5423.jpg,calli-kaggle\data\data\test\yzq\5423.jpg,钉,钉,0.9137409329414368,
5424.jpg,calli-kaggle\data\data\test\yzq\5424.jpg,UNKNOWN,,0.0,
5425.jpg,calli-kaggle\data\data\test\yzq\5425.jpg,薛,薛,0.5820633769035339,
5426.jpg,calli-kaggle\data\data\test\yzq\5426.jpg,UNKNOWN,,0.0,
5427.jpg,calli-kaggle\data\data\test\yzq\5427.jpg,UNKNOWN,,0.0,
5428.jpg,calli-kaggle\data\data\test\yzq\5428.jpg,蒙,蒙,0.9476983547210693,
5429.jpg,calli-kaggle\data\data\test\yzq\5429.jpg,UNKNOWN,,0.0,
5430.jpg,calli-kaggle\data\data\test\yzq\5430.jpg,铯,铯,0.5307073593139648,
5431.jpg,calli-kaggle\data\data\test\yzq\5431.jpg,瀛,瀛,0.9963465332984924,
5432.jpg,calli-kaggle\data\data\test\yzq\5432.jpg,UNKNOWN,,0.0,
5433.jpg,calli-kaggle\data\data\test\yzq\5433.jpg,UNKNOWN,,0.0,
5434.jpg,calli-kaggle\data\data\test\yzq\5434.jpg,UNKNOWN,,0.0,
5435.jpg,calli-kaggle\data\data\test\yzq\5435.jpg,凯,凯,0.8452883958816528,
5436.jpg,calli-kaggle\data\data\test\yzq\5436.jpg,虾,虾,0.9925166964530945,
5437.jpg,calli-kaggle\data\data\test\yzq\5437.jpg,UNKNOWN,,0.0,
5438.jpg,calli-kaggle\data\data\test\yzq\5438.jpg,约,约,0.9925538897514343,
5439.jpg,calli-kaggle\data\data\test\yzq\5439.jpg,老,老,0.9991298317909241,
5440.jpg,calli-kaggle\data\data\test\yzq\5440.jpg,撙,撙,0.4156784415245056,
5441.jpg,calli-kaggle\data\data\test\yzq\5441.jpg,妮,妮,0.9987601041793823,
5442.jpg,calli-kaggle\data\data\test\yzq\5442.jpg,UNKNOWN,,0.0,
5443.jpg,calli-kaggle\data\data\test\yzq\5443.jpg,UNKNOWN,,0.0,
5444.jpg,calli-kaggle\data\data\test\yzq\5444.jpg,胄,胄,0.5808781981468201,
5445.jpg,calli-kaggle\data\data\test\yzq\5445.jpg,UNKNOWN,,0.0,
5446.jpg,calli-kaggle\data\data\test\yzq\5446.jpg,械,械,0.9994605183601379,
5447.jpg,calli-kaggle\data\data\test\yzq\5447.jpg,萑,萑,0.32155439257621765,
5448.jpg,calli-kaggle\data\data\test\yzq\5448.jpg,非,非,0.9969948530197144,
5449.jpg,calli-kaggle\data\data\test\yzq\5449.jpg,拇,拇,0.998654842376709,
5450.jpg,calli-kaggle\data\data\test\yzq\5450.jpg,谕,谕,0.9599423408508301,
5451.jpg,calli-kaggle\data\data\test\yzq\5451.jpg,UNKNOWN,,0.0,
5452.jpg,calli-kaggle\data\data\test\yzq\5452.jpg,邵,邵,0.9889938235282898,
5453.jpg,calli-kaggle\data\data\test\yzq\5453.jpg,桧,桧,0.9014285206794739,
5454.jpg,calli-kaggle\data\data\test\yzq\5454.jpg,捍,捍,0.9772565364837646,
5455.jpg,calli-kaggle\data\data\test\yzq\5455.jpg,崛,崛,0.9914331436157227,
5456.jpg,calli-kaggle\data\data\test\yzq\5456.jpg,若,若,0.7336979508399963,
5457.jpg,calli-kaggle\data\data\test\yzq\5457.jpg,恃,恃,0.3182114064693451,
5458.jpg,calli-kaggle\data\data\test\yzq\5458.jpg,UNKNOWN,,0.0,
5459.jpg,calli-kaggle\data\data\test\yzq\5459.jpg,庞,庞,0.998062789440155,
5460.jpg,calli-kaggle\data\data\test\yzq\5460.jpg,搭,搭,0.9944743514060974,
5461.jpg,calli-kaggle\data\data\test\yzq\5461.jpg,UNKNOWN,,0.0,
5462.jpg,calli-kaggle\data\data\test\yzq\5462.jpg,蕲,蕲,0.8731075525283813,
5463.jpg,calli-kaggle\data\data\test\yzq\5463.jpg,绢,绢,0.995458722114563,
5464.jpg,calli-kaggle\data\data\test\yzq\5464.jpg,霍,霍,0.9956130981445312,
5465.jpg,calli-kaggle\data\data\test\yzq\5465.jpg,UNKNOWN,,0.0,
5466.jpg,calli-kaggle\data\data\test\yzq\5466.jpg,UNKNOWN,,0.0,
5467.jpg,calli-kaggle\data\data\test\yzq\5467.jpg,UNKNOWN,,0.0,
5468.jpg,calli-kaggle\data\data\test\yzq\5468.jpg,鹿,鹿,0.9975423812866211,
5469.jpg,calli-kaggle\data\data\test\yzq\5469.jpg,暴,暴,0.9865034818649292,
5470.jpg,calli-kaggle\data\data\test\yzq\5470.jpg,UNKNOWN,,0.0,
5471.jpg,calli-kaggle\data\data\test\yzq\5471.jpg,淑,淑,0.7272164821624756,
5472.jpg,calli-kaggle\data\data\test\yzq\5472.jpg,呸,呸,0.7057076692581177,
5473.jpg,calli-kaggle\data\data\test\yzq\5473.jpg,讴,讴,0.752346932888031,
5474.jpg,calli-kaggle\data\data\test\yzq\5474.jpg,脑,脑,0.9978298544883728,
5475.jpg,calli-kaggle\data\data\test\yzq\5475.jpg,UNKNOWN,,0.0,
5476.jpg,calli-kaggle\data\data\test\yzq\5476.jpg,语,语,0.9992196559906006,
5477.jpg,calli-kaggle\data\data\test\yzq\5477.jpg,壁,壁,0.9967799782752991,
5478.jpg,calli-kaggle\data\data\test\yzq\5478.jpg,UNKNOWN,,0.0,
5479.jpg,calli-kaggle\data\data\test\yzq\5479.jpg,UNKNOWN,,0.0,
5480.jpg,calli-kaggle\data\data\test\yzq\5480.jpg,哲,哲,0.770444393157959,
5481.jpg,calli-kaggle\data\data\test\yzq\5481.jpg,UNKNOWN,,0.0,
5482.jpg,calli-kaggle\data\data\test\yzq\5482.jpg,拮,拮,0.8717813491821289,
5483.jpg,calli-kaggle\data\data\test\yzq\5483.jpg,经,经,0.42191144824028015,
5484.jpg,calli-kaggle\data\data\test\yzq\5484.jpg,痛,痛,0.999295711517334,
5485.jpg,calli-kaggle\data\data\test\yzq\5485.jpg,UNKNOWN,,0.0,
5486.jpg,calli-kaggle\data\data\test\yzq\5486.jpg,位,位,0.9975505471229553,
5487.jpg,calli-kaggle\data\data\test\yzq\5487.jpg,UNKNOWN,,0.0,
5488.jpg,calli-kaggle\data\data\test\yzq\5488.jpg,鹉,鹉,0.8570252656936646,
5489.jpg,calli-kaggle\data\data\test\yzq\5489.jpg,解,解,0.8004444241523743,
5490.jpg,calli-kaggle\data\data\test\yzq\5490.jpg,棠,棠,0.9705430269241333,
5491.jpg,calli-kaggle\data\data\test\yzq\5491.jpg,蕺,蕺,0.7238365411758423,
5492.jpg,calli-kaggle\data\data\test\yzq\5492.jpg,电,电,0.9978638291358948,
5493.jpg,calli-kaggle\data\data\test\yzq\5493.jpg,轻,轻,0.9982130527496338,
5494.jpg,calli-kaggle\data\data\test\yzq\5494.jpg,化,化,0.47776857018470764,
5495.jpg,calli-kaggle\data\data\test\yzq\5495.jpg,赖,赖,0.9927996397018433,
5496.jpg,calli-kaggle\data\data\test\yzq\5496.jpg,垃,垃,0.9852405786514282,
5497.jpg,calli-kaggle\data\data\test\yzq\5497.jpg,UNKNOWN,,0.0,
5498.jpg,calli-kaggle\data\data\test\yzq\5498.jpg,阜,阜,0.9888675808906555,
5499.jpg,calli-kaggle\data\data\test\yzq\5499.jpg,聩,聩,0.32051318883895874,
5500.jpg,calli-kaggle\data\data\test\yzq\5500.jpg,器,器,0.9991983771324158,
5501.jpg,calli-kaggle\data\data\test\yzq\5501.jpg,锓,锓,0.8803207278251648,
5502.jpg,calli-kaggle\data\data\test\yzq\5502.jpg,獍,獍,0.8554111123085022,
5503.jpg,calli-kaggle\data\data\test\yzq\5503.jpg,说,说,0.9830248355865479,
5504.jpg,calli-kaggle\data\data\test\yzq\5504.jpg,淬,淬,0.7611678838729858,
5505.jpg,calli-kaggle\data\data\test\yzq\5505.jpg,坏,坏,0.7100176811218262,
5506.jpg,calli-kaggle\data\data\test\yzq\5506.jpg,樽,樽,0.9857556223869324,
5507.jpg,calli-kaggle\data\data\test\yzq\5507.jpg,渑,渑,0.9783360958099365,
5508.jpg,calli-kaggle\data\data\test\yzq\5508.jpg,鸦,鸦,0.9989343285560608,
5509.jpg,calli-kaggle\data\data\test\yzq\5509.jpg,棉,棉,0.9914131164550781,
5510.jpg,calli-kaggle\data\data\test\yzq\5510.jpg,旋,旋,0.9779635071754456,
5511.jpg,calli-kaggle\data\data\test\yzq\5511.jpg,底,底,0.9937777519226074,
5512.jpg,calli-kaggle\data\data\test\yzq\5512.jpg,幂,幂,0.9843140840530396,
5513.jpg,calli-kaggle\data\data\test\yzq\5513.jpg,咀,咀,0.9872061014175415,
5514.jpg,calli-kaggle\data\data\test\yzq\5514.jpg,镍,镍,0.9112498760223389,
5515.jpg,calli-kaggle\data\data\test\yzq\5515.jpg,练,练,0.9954557418823242,
5516.jpg,calli-kaggle\data\data\test\yzq\5516.jpg,UNKNOWN,,0.0,
5517.jpg,calli-kaggle\data\data\test\yzq\5517.jpg,檀,檀,0.3245415687561035,
5518.jpg,calli-kaggle\data\data\test\yzq\5518.jpg,嗓,嗓,0.9810450077056885,
5519.jpg,calli-kaggle\data\data\test\yzq\5519.jpg,嘞,嘞,0.9559937715530396,
5520.jpg,calli-kaggle\data\data\test\yzq\5520.jpg,急,急,0.9995957016944885,
5521.jpg,calli-kaggle\data\data\test\yzq\5521.jpg,咭,咭,0.4519962668418884,
5522.jpg,calli-kaggle\data\data\test\yzq\5522.jpg,辍,辍,0.9109180569648743,
5523.jpg,calli-kaggle\data\data\test\yzq\5523.jpg,UNKNOWN,,0.0,
5524.jpg,calli-kaggle\data\data\test\yzq\5524.jpg,UNKNOWN,,0.0,
5525.jpg,calli-kaggle\data\data\test\yzq\5525.jpg,咳,咳,0.998700737953186,
5526.jpg,calli-kaggle\data\data\test\yzq\5526.jpg,疫,疫,0.999464213848114,
5527.jpg,calli-kaggle\data\data\test\yzq\5527.jpg,拿,拿,0.9962745904922485,
5528.jpg,calli-kaggle\data\data\test\yzq\5528.jpg,躬,躬,0.99381023645401,
5529.jpg,calli-kaggle\data\data\test\yzq\5529.jpg,UNKNOWN,,0.0,
5530.jpg,calli-kaggle\data\data\test\yzq\5530.jpg,UNKNOWN,,0.0,
5531.jpg,calli-kaggle\data\data\test\yzq\5531.jpg,UNKNOWN,,0.0,
5532.jpg,calli-kaggle\data\data\test\yzq\5532.jpg,锞,锞,0.7102528214454651,
5533.jpg,calli-kaggle\data\data\test\yzq\5533.jpg,孟,孟,0.9993178844451904,
5534.jpg,calli-kaggle\data\data\test\yzq\5534.jpg,退,退,0.9996668100357056,
5535.jpg,calli-kaggle\data\data\test\yzq\5535.jpg,崔,崔,0.7745589017868042,
5536.jpg,calli-kaggle\data\data\test\yzq\5536.jpg,疡,疡,0.9966261386871338,
5537.jpg,calli-kaggle\data\data\test\yzq\5537.jpg,鞘,鞘,0.9864811897277832,
5538.jpg,calli-kaggle\data\data\test\yzq\5538.jpg,UNKNOWN,,0.0,
5539.jpg,calli-kaggle\data\data\test\yzq\5539.jpg,UNKNOWN,,0.0,
5540.jpg,calli-kaggle\data\data\test\yzq\5540.jpg,写,写,0.9981061220169067,
5541.jpg,calli-kaggle\data\data\test\yzq\5541.jpg,事,事,0.9952503442764282,
5542.jpg,calli-kaggle\data\data\test\yzq\5542.jpg,芝,芝,0.34246933460235596,
5543.jpg,calli-kaggle\data\data\test\yzq\5543.jpg,烹,烹,0.94097501039505,
5544.jpg,calli-kaggle\data\data\test\yzq\5544.jpg,UNKNOWN,,0.0,
5545.jpg,calli-kaggle\data\data\test\yzq\5545.jpg,喇,喇,0.9945711493492126,
5546.jpg,calli-kaggle\data\data\test\yzq\5546.jpg,蜻,蜻,0.9928612112998962,
5547.jpg,calli-kaggle\data\data\test\yzq\5547.jpg,员,员,0.9930236339569092,
5548.jpg,calli-kaggle\data\data\test\yzq\5548.jpg,UNKNOWN,,0.0,
5549.jpg,calli-kaggle\data\data\test\yzq\5549.jpg,缓,缓,0.9919881820678711,
5550.jpg,calli-kaggle\data\data\test\yzq\5550.jpg,葜,葜,0.4109657108783722,
5551.jpg,calli-kaggle\data\data\test\yzq\5551.jpg,UNKNOWN,,0.0,
5552.jpg,calli-kaggle\data\data\test\yzq\5552.jpg,捎,捎,0.9899417757987976,
5553.jpg,calli-kaggle\data\data\test\yzq\5553.jpg,UNKNOWN,,0.0,
5554.jpg,calli-kaggle\data\data\test\yzq\5554.jpg,翮,翮,0.556476354598999,
5555.jpg,calli-kaggle\data\data\test\yzq\5555.jpg,冀,冀,0.9893324375152588,
5556.jpg,calli-kaggle\data\data\test\yzq\5556.jpg,吁,吁,0.9588735103607178,
5557.jpg,calli-kaggle\data\data\test\yzq\5557.jpg,简,简,0.9915376901626587,
5558.jpg,calli-kaggle\data\data\test\yzq\5558.jpg,UNKNOWN,,0.0,
5559.jpg,calli-kaggle\data\data\test\yzq\5559.jpg,店,店,0.9983794689178467,
5560.jpg,calli-kaggle\data\data\test\yzq\5560.jpg,祯,祯,0.9647076725959778,
5561.jpg,calli-kaggle\data\data\test\yzq\5561.jpg,缗,缗,0.5057323575019836,
5562.jpg,calli-kaggle\data\data\test\yzq\5562.jpg,矩,矩,0.9893341660499573,
5563.jpg,calli-kaggle\data\data\test\yzq\5563.jpg,炀,炀,0.9863155484199524,
5564.jpg,calli-kaggle\data\data\test\yzq\5564.jpg,享,享,0.4022010862827301,
5565.jpg,calli-kaggle\data\data\test\yzq\5565.jpg,哟,哟,0.9362474679946899,
5566.jpg,calli-kaggle\data\data\test\yzq\5566.jpg,挑,挑,0.9902309775352478,
5567.jpg,calli-kaggle\data\data\test\yzq\5567.jpg,怕,怕,0.4962572753429413,
5568.jpg,calli-kaggle\data\data\test\yzq\5568.jpg,UNKNOWN,,0.0,
5569.jpg,calli-kaggle\data\data\test\yzq\5569.jpg,鹊,鹊,0.9921243786811829,
5570.jpg,calli-kaggle\data\data\test\yzq\5570.jpg,UNKNOWN,,0.0,
5571.jpg,calli-kaggle\data\data\test\yzq\5571.jpg,UNKNOWN,,0.0,
5572.jpg,calli-kaggle\data\data\test\yzq\5572.jpg,刷,刷,0.9991987347602844,
5573.jpg,calli-kaggle\data\data\test\yzq\5573.jpg,UNKNOWN,,0.0,
5574.jpg,calli-kaggle\data\data\test\yzq\5574.jpg,季,季,0.9050294756889343,
5575.jpg,calli-kaggle\data\data\test\yzq\5575.jpg,萄,萄,0.9964941143989563,
5576.jpg,calli-kaggle\data\data\test\yzq\5576.jpg,弥,弥,0.9981164932250977,
5577.jpg,calli-kaggle\data\data\test\yzq\5577.jpg,枸,枸,0.9381840229034424,
5578.jpg,calli-kaggle\data\data\test\yzq\5578.jpg,UNKNOWN,,0.0,
5579.jpg,calli-kaggle\data\data\test\yzq\5579.jpg,UNKNOWN,,0.0,
5580.jpg,calli-kaggle\data\data\test\yzq\5580.jpg,UNKNOWN,,0.0,
5581.jpg,calli-kaggle\data\data\test\yzq\5581.jpg,UNKNOWN,,0.0,
5582.jpg,calli-kaggle\data\data\test\yzq\5582.jpg,祠,祠,0.8664097785949707,
5583.jpg,calli-kaggle\data\data\test\yzq\5583.jpg,空,空,0.985727846622467,
5584.jpg,calli-kaggle\data\data\test\yzq\5584.jpg,臧,臧,0.8926404118537903,
5585.jpg,calli-kaggle\data\data\test\yzq\5585.jpg,邂,邂,0.9398967623710632,
5586.jpg,calli-kaggle\data\data\test\yzq\5586.jpg,薪,薪,0.9723754525184631,
5587.jpg,calli-kaggle\data\data\test\yzq\5587.jpg,UNKNOWN,,0.0,
5588.jpg,calli-kaggle\data\data\test\yzq\5588.jpg,蛾,蛾,0.9955066442489624,
5589.jpg,calli-kaggle\data\data\test\yzq\5589.jpg,UNKNOWN,,0.0,
5590.jpg,calli-kaggle\data\data\test\yzq\5590.jpg,黏,黏,0.8906099796295166,
5591.jpg,calli-kaggle\data\data\test\yzq\5591.jpg,抹,抹,0.9940781593322754,
5592.jpg,calli-kaggle\data\data\test\yzq\5592.jpg,UNKNOWN,,0.0,
5593.jpg,calli-kaggle\data\data\test\yzq\5593.jpg,被,被,0.9995150566101074,
5594.jpg,calli-kaggle\data\data\test\yzq\5594.jpg,售,售,0.997122585773468,
5595.jpg,calli-kaggle\data\data\test\yzq\5595.jpg,狸,狸,0.7916846871376038,
5596.jpg,calli-kaggle\data\data\test\yzq\5596.jpg,译,译,0.983588457107544,
5597.jpg,calli-kaggle\data\data\test\yzq\5597.jpg,UNKNOWN,,0.0,
5598.jpg,calli-kaggle\data\data\test\yzq\5598.jpg,佝,佝,0.706787645816803,
5599.jpg,calli-kaggle\data\data\test\yzq\5599.jpg,UNKNOWN,,0.0,
5600.jpg,calli-kaggle\data\data\test\yzq\5600.jpg,UNKNOWN,,0.0,
5601.jpg,calli-kaggle\data\data\test\yzq\5601.jpg,占,占,0.9517062306404114,
5602.jpg,calli-kaggle\data\data\test\yzq\5602.jpg,UNKNOWN,,0.0,
5603.jpg,calli-kaggle\data\data\test\yzq\5603.jpg,益,益,0.997956395149231,
5604.jpg,calli-kaggle\data\data\test\yzq\5604.jpg,阱,阱,0.521520733833313,
5605.jpg,calli-kaggle\data\data\test\yzq\5605.jpg,葱,葱,0.9342730641365051,
5606.jpg,calli-kaggle\data\data\test\yzq\5606.jpg,析,析,0.9668639302253723,
5607.jpg,calli-kaggle\data\data\test\yzq\5607.jpg,菁,菁,0.9969959259033203,
5608.jpg,calli-kaggle\data\data\test\yzq\5608.jpg,约,约,0.3011958599090576,
5609.jpg,calli-kaggle\data\data\test\yzq\5609.jpg,UNKNOWN,,0.0,
5610.jpg,calli-kaggle\data\data\test\yzq\5610.jpg,UNKNOWN,,0.0,
5611.jpg,calli-kaggle\data\data\test\yzq\5611.jpg,帕,帕,0.722339391708374,
5612.jpg,calli-kaggle\data\data\test\yzq\5612.jpg,尾,尾,0.998306393623352,
5613.jpg,calli-kaggle\data\data\test\yzq\5613.jpg,柯,柯,0.9965890645980835,
5614.jpg,calli-kaggle\data\data\test\yzq\5614.jpg,湫,湫,0.9659892320632935,
5615.jpg,calli-kaggle\data\data\test\yzq\5615.jpg,擦,擦,0.38590681552886963,
5616.jpg,calli-kaggle\data\data\test\yzq\5616.jpg,篆,篆,0.8929848074913025,
5617.jpg,calli-kaggle\data\data\test\yzq\5617.jpg,撇,撇,0.9834215044975281,
5618.jpg,calli-kaggle\data\data\test\yzq\5618.jpg,莞,莞,0.7633649110794067,
5619.jpg,calli-kaggle\data\data\test\yzq\5619.jpg,跨,跨,0.998309850692749,
5620.jpg,calli-kaggle\data\data\test\yzq\5620.jpg,UNKNOWN,,0.0,
5621.jpg,calli-kaggle\data\data\test\yzq\5621.jpg,批,批,0.9986394047737122,
5622.jpg,calli-kaggle\data\data\test\yzq\5622.jpg,UNKNOWN,,0.0,
5623.jpg,calli-kaggle\data\data\test\yzq\5623.jpg,抚,抚,0.983894407749176,
5624.jpg,calli-kaggle\data\data\test\yzq\5624.jpg,滥,滥,0.9560753703117371,
5625.jpg,calli-kaggle\data\data\test\yzq\5625.jpg,汩,汩,0.8812540769577026,
5626.jpg,calli-kaggle\data\data\test\yzq\5626.jpg,泉,泉,0.37541884183883667,
5627.jpg,calli-kaggle\data\data\test\yzq\5627.jpg,刑,刑,0.9696446061134338,
5628.jpg,calli-kaggle\data\data\test\yzq\5628.jpg,UNKNOWN,,0.0,
5629.jpg,calli-kaggle\data\data\test\yzq\5629.jpg,UNKNOWN,,0.0,
5630.jpg,calli-kaggle\data\data\test\yzq\5630.jpg,UNKNOWN,,0.0,
5631.jpg,calli-kaggle\data\data\test\yzq\5631.jpg,跨,跨,0.45501068234443665,
5632.jpg,calli-kaggle\data\data\test\yzq\5632.jpg,鍪,鍪,0.7030448317527771,
5633.jpg,calli-kaggle\data\data\test\yzq\5633.jpg,跑,跑,0.9859727621078491,
5634.jpg,calli-kaggle\data\data\test\yzq\5634.jpg,UNKNOWN,,0.0,
5635.jpg,calli-kaggle\data\data\test\yzq\5635.jpg,UNKNOWN,,0.0,
5636.jpg,calli-kaggle\data\data\test\yzq\5636.jpg,窟,窟,0.9883687496185303,
5637.jpg,calli-kaggle\data\data\test\yzq\5637.jpg,岷,岷,0.9889000654220581,
5638.jpg,calli-kaggle\data\data\test\yzq\5638.jpg,质,质,0.9970173835754395,
5639.jpg,calli-kaggle\data\data\test\yzq\5639.jpg,礞,礞,0.3659844398498535,
5640.jpg,calli-kaggle\data\data\test\yzq\5640.jpg,整,整,0.3013153374195099,
5641.jpg,calli-kaggle\data\data\test\yzq\5641.jpg,热,热,0.8389617204666138,
5642.jpg,calli-kaggle\data\data\test\yzq\5642.jpg,UNKNOWN,,0.0,
5643.jpg,calli-kaggle\data\data\test\yzq\5643.jpg,臂,臂,0.9995633959770203,
5644.jpg,calli-kaggle\data\data\test\yzq\5644.jpg,晗,晗,0.62903892993927,
5645.jpg,calli-kaggle\data\data\test\yzq\5645.jpg,UNKNOWN,,0.0,
5646.jpg,calli-kaggle\data\data\test\yzq\5646.jpg,稻,稻,0.9879023432731628,
5647.jpg,calli-kaggle\data\data\test\yzq\5647.jpg,UNKNOWN,,0.0,
5648.jpg,calli-kaggle\data\data\test\yzq\5648.jpg,足,足,0.9996639490127563,
5649.jpg,calli-kaggle\data\data\test\yzq\5649.jpg,件,件,0.9995328187942505,
5650.jpg,calli-kaggle\data\data\test\yzq\5650.jpg,乐,乐,0.45145925879478455,
5651.jpg,calli-kaggle\data\data\test\yzq\5651.jpg,欺,欺,0.7293142080307007,
5652.jpg,calli-kaggle\data\data\test\yzq\5652.jpg,UNKNOWN,,0.0,
5653.jpg,calli-kaggle\data\data\test\yzq\5653.jpg,UNKNOWN,,0.0,
5654.jpg,calli-kaggle\data\data\test\yzq\5654.jpg,撮,撮,0.8840689063072205,
5655.jpg,calli-kaggle\data\data\test\yzq\5655.jpg,治,治,0.9994872808456421,
5656.jpg,calli-kaggle\data\data\test\yzq\5656.jpg,纽,纽,0.3567977547645569,
5657.jpg,calli-kaggle\data\data\test\yzq\5657.jpg,UNKNOWN,,0.0,
5658.jpg,calli-kaggle\data\data\test\yzq\5658.jpg,蕨,蕨,0.9124536514282227,
5659.jpg,calli-kaggle\data\data\test\yzq\5659.jpg,诌,诌,0.8820023536682129,
5660.jpg,calli-kaggle\data\data\test\yzq\5660.jpg,鸾,鸾,0.5386458039283752,
5661.jpg,calli-kaggle\data\data\test\yzq\5661.jpg,UNKNOWN,,0.0,
5662.jpg,calli-kaggle\data\data\test\yzq\5662.jpg,UNKNOWN,,0.0,
5663.jpg,calli-kaggle\data\data\test\yzq\5663.jpg,蚩,蚩,0.4591052234172821,
5664.jpg,calli-kaggle\data\data\test\yzq\5664.jpg,UNKNOWN,,0.0,
5665.jpg,calli-kaggle\data\data\test\yzq\5665.jpg,艾,艾,0.8179949522018433,
5666.jpg,calli-kaggle\data\data\test\yzq\5666.jpg,合,合,0.37702327966690063,
5667.jpg,calli-kaggle\data\data\test\yzq\5667.jpg,会,会,0.5030125975608826,
5668.jpg,calli-kaggle\data\data\test\yzq\5668.jpg,连,连,0.9743632674217224,
5669.jpg,calli-kaggle\data\data\test\yzq\5669.jpg,UNKNOWN,,0.0,
5670.jpg,calli-kaggle\data\data\test\yzq\5670.jpg,倬,倬,0.9834274649620056,
5671.jpg,calli-kaggle\data\data\test\yzq\5671.jpg,UNKNOWN,,0.0,
5672.jpg,calli-kaggle\data\data\test\yzq\5672.jpg,UNKNOWN,,0.0,
5673.jpg,calli-kaggle\data\data\test\yzq\5673.jpg,误,误,0.9999074935913086,
5674.jpg,calli-kaggle\data\data\test\yzq\5674.jpg,UNKNOWN,,0.0,
5675.jpg,calli-kaggle\data\data\test\yzq\5675.jpg,甏,甏,0.41176965832710266,
5676.jpg,calli-kaggle\data\data\test\yzq\5676.jpg,跄,跄,0.8535171151161194,
5677.jpg,calli-kaggle\data\data\test\yzq\5677.jpg,癔,癔,0.7248180508613586,
5678.jpg,calli-kaggle\data\data\test\yzq\5678.jpg,顿,顿,0.9965608716011047,
5679.jpg,calli-kaggle\data\data\test\yzq\5679.jpg,过,过,0.9990718364715576,
5680.jpg,calli-kaggle\data\data\test\yzq\5680.jpg,秦,秦,0.9914252758026123,
5681.jpg,calli-kaggle\data\data\test\yzq\5681.jpg,佰,佰,0.9549279808998108,
5682.jpg,calli-kaggle\data\data\test\yzq\5682.jpg,斩,斩,0.862748384475708,
5683.jpg,calli-kaggle\data\data\test\yzq\5683.jpg,恺,恺,0.983758807182312,
5684.jpg,calli-kaggle\data\data\test\yzq\5684.jpg,UNKNOWN,,0.0,
5685.jpg,calli-kaggle\data\data\test\yzq\5685.jpg,玩,玩,0.9987605810165405,
5686.jpg,calli-kaggle\data\data\test\yzq\5686.jpg,纸,纸,0.9960286617279053,
5687.jpg,calli-kaggle\data\data\test\yzq\5687.jpg,赞,赞,0.5688564777374268,
5688.jpg,calli-kaggle\data\data\test\yzq\5688.jpg,UNKNOWN,,0.0,
5689.jpg,calli-kaggle\data\data\test\yzq\5689.jpg,UNKNOWN,,0.0,
5690.jpg,calli-kaggle\data\data\test\yzq\5690.jpg,腹,腹,0.40240779519081116,
5691.jpg,calli-kaggle\data\data\test\yzq\5691.jpg,UNKNOWN,,0.0,
5692.jpg,calli-kaggle\data\data\test\yzq\5692.jpg,座,座,0.9922351241111755,
5693.jpg,calli-kaggle\data\data\test\yzq\5693.jpg,麟,麟,0.8687268495559692,
5694.jpg,calli-kaggle\data\data\test\yzq\5694.jpg,伯,伯,0.988054096698761,
5695.jpg,calli-kaggle\data\data\test\yzq\5695.jpg,不,不,0.9971912503242493,
5696.jpg,calli-kaggle\data\data\test\yzq\5696.jpg,法,法,0.9993233680725098,
5697.jpg,calli-kaggle\data\data\test\yzq\5697.jpg,帛,帛,0.9866543412208557,
5698.jpg,calli-kaggle\data\data\test\yzq\5698.jpg,淤,淤,0.7433284521102905,
5699.jpg,calli-kaggle\data\data\test\yzq\5699.jpg,UNKNOWN,,0.0,
5700.jpg,calli-kaggle\data\data\test\yzq\5700.jpg,垮,垮,0.9864567518234253,
5701.jpg,calli-kaggle\data\data\test\yzq\5701.jpg,UNKNOWN,,0.0,
5702.jpg,calli-kaggle\data\data\test\yzq\5702.jpg,UNKNOWN,,0.0,
5703.jpg,calli-kaggle\data\data\test\yzq\5703.jpg,夫,夫,0.9919663667678833,
5704.jpg,calli-kaggle\data\data\test\yzq\5704.jpg,里,里,0.3046286404132843,
5705.jpg,calli-kaggle\data\data\test\yzq\5705.jpg,粒,粒,0.9993352293968201,
5706.jpg,calli-kaggle\data\data\test\yzq\5706.jpg,砧,砧,0.7209935784339905,
5707.jpg,calli-kaggle\data\data\test\yzq\5707.jpg,俗,俗,0.9961435794830322,
5708.jpg,calli-kaggle\data\data\test\yzq\5708.jpg,醐,醐,0.474426805973053,
5709.jpg,calli-kaggle\data\data\test\yzq\5709.jpg,鲜,鲜,0.4278566837310791,
5710.jpg,calli-kaggle\data\data\test\yzq\5710.jpg,钨,钨,0.9530176520347595,
5711.jpg,calli-kaggle\data\data\test\yzq\5711.jpg,时,时,0.4136474132537842,
5712.jpg,calli-kaggle\data\data\test\yzq\5712.jpg,整,整,0.8573777675628662,
5713.jpg,calli-kaggle\data\data\test\yzq\5713.jpg,迁,迁,0.996204674243927,
5714.jpg,calli-kaggle\data\data\test\yzq\5714.jpg,UNKNOWN,,0.0,
5715.jpg,calli-kaggle\data\data\test\yzq\5715.jpg,UNKNOWN,,0.0,
5716.jpg,calli-kaggle\data\data\test\yzq\5716.jpg,坻,坻,0.6972343921661377,
5717.jpg,calli-kaggle\data\data\test\yzq\5717.jpg,犁,犁,0.9674763083457947,
5718.jpg,calli-kaggle\data\data\test\yzq\5718.jpg,鲇,鲇,0.32566577196121216,
5719.jpg,calli-kaggle\data\data\test\yzq\5719.jpg,瑟,瑟,0.9993718266487122,
5720.jpg,calli-kaggle\data\data\test\yzq\5720.jpg,疆,疆,0.6048484444618225,
5721.jpg,calli-kaggle\data\data\test\yzq\5721.jpg,珥,珥,0.4899432361125946,
5722.jpg,calli-kaggle\data\data\test\yzq\5722.jpg,倩,倩,0.9960875511169434,
5723.jpg,calli-kaggle\data\data\test\yzq\5723.jpg,斗,斗,0.9895550012588501,
5724.jpg,calli-kaggle\data\data\test\yzq\5724.jpg,锩,锩,0.7004231214523315,
5725.jpg,calli-kaggle\data\data\test\yzq\5725.jpg,默,默,0.9976365566253662,
5726.jpg,calli-kaggle\data\data\test\yzq\5726.jpg,暇,暇,0.9953721165657043,
5727.jpg,calli-kaggle\data\data\test\yzq\5727.jpg,鲵,鲵,0.5721398591995239,
5728.jpg,calli-kaggle\data\data\test\yzq\5728.jpg,榻,榻,0.9985982775688171,
5729.jpg,calli-kaggle\data\data\test\yzq\5729.jpg,蚜,蚜,0.8823367953300476,
5730.jpg,calli-kaggle\data\data\test\yzq\5730.jpg,螃,螃,0.9982757568359375,
5731.jpg,calli-kaggle\data\data\test\yzq\5731.jpg,胞,胞,0.9912303686141968,
5732.jpg,calli-kaggle\data\data\test\yzq\5732.jpg,窗,窗,0.9974606037139893,
5733.jpg,calli-kaggle\data\data\test\yzq\5733.jpg,UNKNOWN,,0.0,
5734.jpg,calli-kaggle\data\data\test\yzq\5734.jpg,其,其,0.7748368978500366,
5735.jpg,calli-kaggle\data\data\test\yzq\5735.jpg,泸,泸,0.9669062495231628,
5736.jpg,calli-kaggle\data\data\test\yzq\5736.jpg,蒽,蒽,0.3180411756038666,
5737.jpg,calli-kaggle\data\data\test\yzq\5737.jpg,华,华,0.975486695766449,
5738.jpg,calli-kaggle\data\data\test\yzq\5738.jpg,簧,簧,0.9958903193473816,
5739.jpg,calli-kaggle\data\data\test\yzq\5739.jpg,铃,铃,0.8173834085464478,
5740.jpg,calli-kaggle\data\data\test\yzq\5740.jpg,咨,咨,0.9267996549606323,
5741.jpg,calli-kaggle\data\data\test\yzq\5741.jpg,陶,陶,0.9966829419136047,
5742.jpg,calli-kaggle\data\data\test\yzq\5742.jpg,箸,箸,0.5436813831329346,
5743.jpg,calli-kaggle\data\data\test\yzq\5743.jpg,UNKNOWN,,0.0,
5744.jpg,calli-kaggle\data\data\test\yzq\5744.jpg,UNKNOWN,,0.0,
5745.jpg,calli-kaggle\data\data\test\yzq\5745.jpg,月,月,0.998117208480835,
5746.jpg,calli-kaggle\data\data\test\yzq\5746.jpg,欣,欣,0.4677123427391052,
5747.jpg,calli-kaggle\data\data\test\yzq\5747.jpg,UNKNOWN,,0.0,
5748.jpg,calli-kaggle\data\data\test\yzq\5748.jpg,晟,晟,0.9968301653862,
5749.jpg,calli-kaggle\data\data\test\yzq\5749.jpg,郢,郢,0.9744745492935181,
5750.jpg,calli-kaggle\data\data\test\yzq\5750.jpg,诈,诈,0.983386218547821,
5751.jpg,calli-kaggle\data\data\test\yzq\5751.jpg,蝰,蝰,0.9978796243667603,
5752.jpg,calli-kaggle\data\data\test\yzq\5752.jpg,UNKNOWN,,0.0,
5753.jpg,calli-kaggle\data\data\test\yzq\5753.jpg,锍,锍,0.6594855189323425,
5754.jpg,calli-kaggle\data\data\test\yzq\5754.jpg,菜,菜,0.9077408909797668,
5755.jpg,calli-kaggle\data\data\test\yzq\5755.jpg,熄,熄,0.9956033229827881,
5756.jpg,calli-kaggle\data\data\test\yzq\5756.jpg,面,面,0.9970564842224121,
5757.jpg,calli-kaggle\data\data\test\yzq\5757.jpg,UNKNOWN,,0.0,
5758.jpg,calli-kaggle\data\data\test\yzq\5758.jpg,叔,叔,0.9865148663520813,
5759.jpg,calli-kaggle\data\data\test\yzq\5759.jpg,UNKNOWN,,0.0,
5760.jpg,calli-kaggle\data\data\test\yzq\5760.jpg,猷,猷,0.9943293929100037,
5761.jpg,calli-kaggle\data\data\test\yzq\5761.jpg,于,于,0.9848712086677551,
5762.jpg,calli-kaggle\data\data\test\yzq\5762.jpg,UNKNOWN,,0.0,
5763.jpg,calli-kaggle\data\data\test\yzq\5763.jpg,拖,拖,0.9998990297317505,
5764.jpg,calli-kaggle\data\data\test\yzq\5764.jpg,俊,俊,0.9974198341369629,
5765.jpg,calli-kaggle\data\data\test\yzq\5765.jpg,枕,枕,0.9933297038078308,
5766.jpg,calli-kaggle\data\data\test\yzq\5766.jpg,UNKNOWN,,0.0,
5767.jpg,calli-kaggle\data\data\test\yzq\5767.jpg,此,此,0.5090289115905762,
5768.jpg,calli-kaggle\data\data\test\yzq\5768.jpg,振,振,0.9919183850288391,
5769.jpg,calli-kaggle\data\data\test\yzq\5769.jpg,述,述,0.8517696857452393,
5770.jpg,calli-kaggle\data\data\test\yzq\5770.jpg,烟,烟,0.6875637769699097,
5771.jpg,calli-kaggle\data\data\test\yzq\5771.jpg,箐,箐,0.9715879559516907,
5772.jpg,calli-kaggle\data\data\test\yzq\5772.jpg,蛙,蛙,0.9991418123245239,
5773.jpg,calli-kaggle\data\data\test\yzq\5773.jpg,蛛,蛛,0.9974937438964844,
5774.jpg,calli-kaggle\data\data\test\yzq\5774.jpg,UNKNOWN,,0.0,
5775.jpg,calli-kaggle\data\data\test\yzq\5775.jpg,前,前,0.9986971020698547,
5776.jpg,calli-kaggle\data\data\test\yzq\5776.jpg,算,算,0.983751654624939,
5777.jpg,calli-kaggle\data\data\test\yzq\5777.jpg,喁,喁,0.9502231478691101,
5778.jpg,calli-kaggle\data\data\test\yzq\5778.jpg,UNKNOWN,,0.0,
5779.jpg,calli-kaggle\data\data\test\yzq\5779.jpg,呃,呃,0.9235587120056152,
5780.jpg,calli-kaggle\data\data\test\yzq\5780.jpg,崎,崎,0.9995336532592773,
5781.jpg,calli-kaggle\data\data\test\yzq\5781.jpg,琛,琛,0.49923667311668396,
5782.jpg,calli-kaggle\data\data\test\yzq\5782.jpg,梅,梅,0.9877227544784546,
5783.jpg,calli-kaggle\data\data\test\yzq\5783.jpg,俐,俐,0.9667123556137085,
5784.jpg,calli-kaggle\data\data\test\yzq\5784.jpg,洄,洄,0.4938170313835144,
5785.jpg,calli-kaggle\data\data\test\yzq\5785.jpg,蹴,蹴,0.9992311000823975,
5786.jpg,calli-kaggle\data\data\test\yzq\5786.jpg,徵,徵,0.6045640707015991,
5787.jpg,calli-kaggle\data\data\test\yzq\5787.jpg,耗,耗,0.9371641874313354,
5788.jpg,calli-kaggle\data\data\test\yzq\5788.jpg,明,明,0.9902896285057068,
5789.jpg,calli-kaggle\data\data\test\yzq\5789.jpg,UNKNOWN,,0.0,
5790.jpg,calli-kaggle\data\data\test\yzq\5790.jpg,求,求,0.9986515641212463,
5791.jpg,calli-kaggle\data\data\test\yzq\5791.jpg,UNKNOWN,,0.0,
5792.jpg,calli-kaggle\data\data\test\yzq\5792.jpg,蘅,蘅,0.6704325675964355,
5793.jpg,calli-kaggle\data\data\test\yzq\5793.jpg,铅,铅,0.9850118160247803,
5794.jpg,calli-kaggle\data\data\test\yzq\5794.jpg,UNKNOWN,,0.0,
5795.jpg,calli-kaggle\data\data\test\yzq\5795.jpg,押,押,0.34759607911109924,
5796.jpg,calli-kaggle\data\data\test\yzq\5796.jpg,璧,璧,0.9972386360168457,
5797.jpg,calli-kaggle\data\data\test\yzq\5797.jpg,UNKNOWN,,0.0,
5798.jpg,calli-kaggle\data\data\test\yzq\5798.jpg,UNKNOWN,,0.0,
5799.jpg,calli-kaggle\data\data\test\yzq\5799.jpg,UNKNOWN,,0.0,
5800.jpg,calli-kaggle\data\data\test\yzq\5800.jpg,瞄,瞄,0.9875634908676147,
5801.jpg,calli-kaggle\data\data\test\yzq\5801.jpg,造,造,0.5915552973747253,
5802.jpg,calli-kaggle\data\data\test\yzq\5802.jpg,研,研,0.8280051350593567,
5803.jpg,calli-kaggle\data\data\test\yzq\5803.jpg,缰,缰,0.688459038734436,
5804.jpg,calli-kaggle\data\data\test\yzq\5804.jpg,蜢,蜢,0.8939601182937622,
5805.jpg,calli-kaggle\data\data\test\yzq\5805.jpg,逸,逸,0.995854377746582,
5806.jpg,calli-kaggle\data\data\test\yzq\5806.jpg,UNKNOWN,,0.0,
5807.jpg,calli-kaggle\data\data\test\yzq\5807.jpg,UNKNOWN,,0.0,
5808.jpg,calli-kaggle\data\data\test\yzq\5808.jpg,喵,喵,0.9930431842803955,
5809.jpg,calli-kaggle\data\data\test\yzq\5809.jpg,研,研,0.9987610578536987,
5810.jpg,calli-kaggle\data\data\test\yzq\5810.jpg,UNKNOWN,,0.0,
5811.jpg,calli-kaggle\data\data\test\yzq\5811.jpg,踢,踢,0.8160901665687561,
5812.jpg,calli-kaggle\data\data\test\yzq\5812.jpg,UNKNOWN,,0.0,
5813.jpg,calli-kaggle\data\data\test\yzq\5813.jpg,狗,狗,0.50526362657547,
5814.jpg,calli-kaggle\data\data\test\yzq\5814.jpg,士,士,0.9985938668251038,
5815.jpg,calli-kaggle\data\data\test\yzq\5815.jpg,UNKNOWN,,0.0,
5816.jpg,calli-kaggle\data\data\test\yzq\5816.jpg,瘼,瘼,0.7635151147842407,
5817.jpg,calli-kaggle\data\data\test\yzq\5817.jpg,UNKNOWN,,0.0,
5818.jpg,calli-kaggle\data\data\test\yzq\5818.jpg,UNKNOWN,,0.0,
5819.jpg,calli-kaggle\data\data\test\yzq\5819.jpg,俄,俄,0.39568090438842773,
5820.jpg,calli-kaggle\data\data\test\yzq\5820.jpg,撷,撷,0.7397719025611877,
5821.jpg,calli-kaggle\data\data\test\yzq\5821.jpg,穿,穿,0.9887520670890808,
5822.jpg,calli-kaggle\data\data\test\yzq\5822.jpg,扎,扎,0.9311160445213318,
5823.jpg,calli-kaggle\data\data\test\yzq\5823.jpg,UNKNOWN,,0.0,
5824.jpg,calli-kaggle\data\data\test\yzq\5824.jpg,碲,碲,0.887301504611969,
5825.jpg,calli-kaggle\data\data\test\yzq\5825.jpg,艾,艾,0.48982009291648865,
5826.jpg,calli-kaggle\data\data\test\yzq\5826.jpg,赋,赋,0.96427321434021,
5827.jpg,calli-kaggle\data\data\test\yzq\5827.jpg,翱,翱,0.523755669593811,
5828.jpg,calli-kaggle\data\data\test\yzq\5828.jpg,牛,牛,0.35062313079833984,
5829.jpg,calli-kaggle\data\data\test\yzq\5829.jpg,插,插,0.9983616471290588,
5830.jpg,calli-kaggle\data\data\test\yzq\5830.jpg,憨,憨,0.97046959400177,
5831.jpg,calli-kaggle\data\data\test\yzq\5831.jpg,髯,髯,0.9745497107505798,
5832.jpg,calli-kaggle\data\data\test\yzq\5832.jpg,跽,跽,0.7222620248794556,
5833.jpg,calli-kaggle\data\data\test\yzq\5833.jpg,UNKNOWN,,0.0,
5834.jpg,calli-kaggle\data\data\test\yzq\5834.jpg,阁,阁,0.9858275651931763,
5835.jpg,calli-kaggle\data\data\test\yzq\5835.jpg,疲,疲,0.987043559551239,
5836.jpg,calli-kaggle\data\data\test\yzq\5836.jpg,UNKNOWN,,0.0,
5837.jpg,calli-kaggle\data\data\test\yzq\5837.jpg,药,药,0.9926079511642456,
5838.jpg,calli-kaggle\data\data\test\yzq\5838.jpg,握,握,0.9993742108345032,
5839.jpg,calli-kaggle\data\data\test\yzq\5839.jpg,培,培,0.6281980872154236,
5840.jpg,calli-kaggle\data\data\test\yzq\5840.jpg,奚,奚,0.939650297164917,
5841.jpg,calli-kaggle\data\data\test\yzq\5841.jpg,UNKNOWN,,0.0,
5842.jpg,calli-kaggle\data\data\test\yzq\5842.jpg,撬,撬,0.9752653241157532,
5843.jpg,calli-kaggle\data\data\test\yzq\5843.jpg,鉴,鉴,0.9998366832733154,
5844.jpg,calli-kaggle\data\data\test\yzq\5844.jpg,芬,芬,0.9859192371368408,
5845.jpg,calli-kaggle\data\data\test\yzq\5845.jpg,婷,婷,0.9344981908798218,
5846.jpg,calli-kaggle\data\data\test\yzq\5846.jpg,UNKNOWN,,0.0,
5847.jpg,calli-kaggle\data\data\test\yzq\5847.jpg,UNKNOWN,,0.0,
5848.jpg,calli-kaggle\data\data\test\yzq\5848.jpg,感,感,0.9986153841018677,
5849.jpg,calli-kaggle\data\data\test\yzq\5849.jpg,峰,峰,0.9174855351448059,
5850.jpg,calli-kaggle\data\data\test\yzq\5850.jpg,UNKNOWN,,0.0,
5851.jpg,calli-kaggle\data\data\test\yzq\5851.jpg,礁,礁,0.9789574146270752,
5852.jpg,calli-kaggle\data\data\test\yzq\5852.jpg,耄,耄,0.4261242151260376,
5853.jpg,calli-kaggle\data\data\test\yzq\5853.jpg,UNKNOWN,,0.0,
5854.jpg,calli-kaggle\data\data\test\yzq\5854.jpg,UNKNOWN,,0.0,
5855.jpg,calli-kaggle\data\data\test\yzq\5855.jpg,躜,躜,0.34135326743125916,
5856.jpg,calli-kaggle\data\data\test\yzq\5856.jpg,俑,俑,0.35387298464775085,
5857.jpg,calli-kaggle\data\data\test\yzq\5857.jpg,UNKNOWN,,0.0,
5858.jpg,calli-kaggle\data\data\test\yzq\5858.jpg,调,调,0.34762123227119446,
5859.jpg,calli-kaggle\data\data\test\yzq\5859.jpg,UNKNOWN,,0.0,
5860.jpg,calli-kaggle\data\data\test\yzq\5860.jpg,罡,罡,0.9928855299949646,
5861.jpg,calli-kaggle\data\data\test\yzq\5861.jpg,UNKNOWN,,0.0,
5862.jpg,calli-kaggle\data\data\test\yzq\5862.jpg,枝,枝,0.6943648457527161,
5863.jpg,calli-kaggle\data\data\test\yzq\5863.jpg,蚵,蚵,0.6426100134849548,
5864.jpg,calli-kaggle\data\data\test\yzq\5864.jpg,UNKNOWN,,0.0,
5865.jpg,calli-kaggle\data\data\test\yzq\5865.jpg,挺,挺,0.9961687922477722,
5866.jpg,calli-kaggle\data\data\test\yzq\5866.jpg,亿,亿,0.48870325088500977,
5867.jpg,calli-kaggle\data\data\test\yzq\5867.jpg,榕,榕,0.9787142872810364,
5868.jpg,calli-kaggle\data\data\test\yzq\5868.jpg,鹞,鹞,0.9002174735069275,
5869.jpg,calli-kaggle\data\data\test\yzq\5869.jpg,讹,讹,0.9460378885269165,
5870.jpg,calli-kaggle\data\data\test\yzq\5870.jpg,UNKNOWN,,0.0,
5871.jpg,calli-kaggle\data\data\test\yzq\5871.jpg,捋,捋,0.972751259803772,
5872.jpg,calli-kaggle\data\data\test\yzq\5872.jpg,炙,炙,0.5623883605003357,
5873.jpg,calli-kaggle\data\data\test\yzq\5873.jpg,抓,抓,0.9990413784980774,
5874.jpg,calli-kaggle\data\data\test\yzq\5874.jpg,丧,丧,0.8939176201820374,
5875.jpg,calli-kaggle\data\data\test\yzq\5875.jpg,坊,坊,0.9986843466758728,
5876.jpg,calli-kaggle\data\data\test\yzq\5876.jpg,钝,钝,0.9888147711753845,
5877.jpg,calli-kaggle\data\data\test\yzq\5877.jpg,诡,诡,0.9931187629699707,
5878.jpg,calli-kaggle\data\data\test\yzq\5878.jpg,UNKNOWN,,0.0,
5879.jpg,calli-kaggle\data\data\test\yzq\5879.jpg,UNKNOWN,,0.0,
5880.jpg,calli-kaggle\data\data\test\yzq\5880.jpg,和,和,0.3005988597869873,
5881.jpg,calli-kaggle\data\data\test\yzq\5881.jpg,肃,肃,0.9622848033905029,
5882.jpg,calli-kaggle\data\data\test\yzq\5882.jpg,细,细,0.9982189536094666,
5883.jpg,calli-kaggle\data\data\test\yzq\5883.jpg,锁,锁,0.9985854625701904,
5884.jpg,calli-kaggle\data\data\test\yzq\5884.jpg,UNKNOWN,,0.0,
5885.jpg,calli-kaggle\data\data\test\yzq\5885.jpg,UNKNOWN,,0.0,
5886.jpg,calli-kaggle\data\data\test\yzq\5886.jpg,螯,螯,0.30242377519607544,
5887.jpg,calli-kaggle\data\data\test\yzq\5887.jpg,篱,篱,0.9948423504829407,
5888.jpg,calli-kaggle\data\data\test\yzq\5888.jpg,希,希,0.9916918277740479,
5889.jpg,calli-kaggle\data\data\test\yzq\5889.jpg,UNKNOWN,,0.0,
5890.jpg,calli-kaggle\data\data\test\yzq\5890.jpg,般,般,0.9920949339866638,
5891.jpg,calli-kaggle\data\data\test\yzq\5891.jpg,旨,旨,0.9834876656532288,
5892.jpg,calli-kaggle\data\data\test\yzq\5892.jpg,UNKNOWN,,0.0,
5893.jpg,calli-kaggle\data\data\test\yzq\5893.jpg,瑾,瑾,0.9801025986671448,
5894.jpg,calli-kaggle\data\data\test\yzq\5894.jpg,UNKNOWN,,0.0,
5895.jpg,calli-kaggle\data\data\test\yzq\5895.jpg,熏,熏,0.5127202272415161,
5896.jpg,calli-kaggle\data\data\test\yzq\5896.jpg,瞒,瞒,0.9298009872436523,
5897.jpg,calli-kaggle\data\data\test\yzq\5897.jpg,UNKNOWN,,0.0,
5898.jpg,calli-kaggle\data\data\test\yzq\5898.jpg,UNKNOWN,,0.0,
5899.jpg,calli-kaggle\data\data\test\yzq\5899.jpg,UNKNOWN,,0.0,
5900.jpg,calli-kaggle\data\data\test\yzq\5900.jpg,闾,闾,0.9570459127426147,
5901.jpg,calli-kaggle\data\data\test\yzq\5901.jpg,兜,兜,0.9672319293022156,
5902.jpg,calli-kaggle\data\data\test\yzq\5902.jpg,幽,幽,0.9984034895896912,
5903.jpg,calli-kaggle\data\data\test\yzq\5903.jpg,薅,薅,0.7728062868118286,
5904.jpg,calli-kaggle\data\data\test\yzq\5904.jpg,慢,慢,0.9861435294151306,
5905.jpg,calli-kaggle\data\data\test\yzq\5905.jpg,UNKNOWN,,0.0,
5906.jpg,calli-kaggle\data\data\test\yzq\5906.jpg,UNKNOWN,,0.0,
5907.jpg,calli-kaggle\data\data\test\yzq\5907.jpg,愆,愆,0.9535269737243652,
5908.jpg,calli-kaggle\data\data\test\yzq\5908.jpg,飞,飞,0.9996871948242188,
5909.jpg,calli-kaggle\data\data\test\yzq\5909.jpg,UNKNOWN,,0.0,
5910.jpg,calli-kaggle\data\data\test\yzq\5910.jpg,脂,脂,0.9345411658287048,
5911.jpg,calli-kaggle\data\data\test\yzq\5911.jpg,UNKNOWN,,0.0,
5912.jpg,calli-kaggle\data\data\test\yzq\5912.jpg,UNKNOWN,,0.0,
5913.jpg,calli-kaggle\data\data\test\yzq\5913.jpg,摧,摧,0.9694184064865112,
5914.jpg,calli-kaggle\data\data\test\yzq\5914.jpg,UNKNOWN,,0.0,
5915.jpg,calli-kaggle\data\data\test\yzq\5915.jpg,UNKNOWN,,0.0,
5916.jpg,calli-kaggle\data\data\test\yzq\5916.jpg,珂,珂,0.6945580840110779,
5917.jpg,calli-kaggle\data\data\test\yzq\5917.jpg,UNKNOWN,,0.0,
5918.jpg,calli-kaggle\data\data\test\yzq\5918.jpg,UNKNOWN,,0.0,
5919.jpg,calli-kaggle\data\data\test\yzq\5919.jpg,晏,晏,0.5217291116714478,
5920.jpg,calli-kaggle\data\data\test\yzq\5920.jpg,奈,奈,0.9881246089935303,
5921.jpg,calli-kaggle\data\data\test\yzq\5921.jpg,违,违,0.9997619986534119,
5922.jpg,calli-kaggle\data\data\test\yzq\5922.jpg,旁,旁,0.9994320273399353,
5923.jpg,calli-kaggle\data\data\test\yzq\5923.jpg,罪,罪,0.9949017763137817,
5924.jpg,calli-kaggle\data\data\test\yzq\5924.jpg,巧,巧,0.9992135763168335,
5925.jpg,calli-kaggle\data\data\test\yzq\5925.jpg,树,树,0.5047574639320374,
5926.jpg,calli-kaggle\data\data\test\yzq\5926.jpg,UNKNOWN,,0.0,
5927.jpg,calli-kaggle\data\data\test\yzq\5927.jpg,瑛,瑛,0.9915388226509094,
5928.jpg,calli-kaggle\data\data\test\yzq\5928.jpg,铗,铗,0.8353564739227295,
5929.jpg,calli-kaggle\data\data\test\yzq\5929.jpg,麟,麟,0.889245331287384,
5930.jpg,calli-kaggle\data\data\test\yzq\5930.jpg,UNKNOWN,,0.0,
5931.jpg,calli-kaggle\data\data\test\yzq\5931.jpg,UNKNOWN,,0.0,
5932.jpg,calli-kaggle\data\data\test\yzq\5932.jpg,UNKNOWN,,0.0,
5933.jpg,calli-kaggle\data\data\test\yzq\5933.jpg,艇,艇,0.9938725233078003,
5934.jpg,calli-kaggle\data\data\test\yzq\5934.jpg,拧,拧,0.871188759803772,
5935.jpg,calli-kaggle\data\data\test\yzq\5935.jpg,灾,灾,0.7944205403327942,
5936.jpg,calli-kaggle\data\data\test\yzq\5936.jpg,暖,暖,0.9985254406929016,
5937.jpg,calli-kaggle\data\data\test\yzq\5937.jpg,UNKNOWN,,0.0,
5938.jpg,calli-kaggle\data\data\test\yzq\5938.jpg,UNKNOWN,,0.0,
5939.jpg,calli-kaggle\data\data\test\yzq\5939.jpg,UNKNOWN,,0.0,
5940.jpg,calli-kaggle\data\data\test\yzq\5940.jpg,犀,犀,0.9949500560760498,
5941.jpg,calli-kaggle\data\data\test\yzq\5941.jpg,绦,绦,0.7000238299369812,
5942.jpg,calli-kaggle\data\data\test\yzq\5942.jpg,UNKNOWN,,0.0,
5943.jpg,calli-kaggle\data\data\test\yzq\5943.jpg,就,就,0.5096927285194397,
5944.jpg,calli-kaggle\data\data\test\yzq\5944.jpg,纨,纨,0.5566855072975159,
5945.jpg,calli-kaggle\data\data\test\yzq\5945.jpg,噬,噬,0.9700427651405334,
5946.jpg,calli-kaggle\data\data\test\yzq\5946.jpg,冬,冬,0.9992227554321289,
5947.jpg,calli-kaggle\data\data\test\yzq\5947.jpg,债,债,0.9994862079620361,
5948.jpg,calli-kaggle\data\data\test\yzq\5948.jpg,添,添,0.9976505637168884,
5949.jpg,calli-kaggle\data\data\test\yzq\5949.jpg,锄,锄,0.9844425320625305,
5950.jpg,calli-kaggle\data\data\test\yzq\5950.jpg,醅,醅,0.8859233260154724,
5951.jpg,calli-kaggle\data\data\test\yzq\5951.jpg,踞,踞,0.9987207055091858,
5952.jpg,calli-kaggle\data\data\test\yzq\5952.jpg,糊,糊,0.6628978252410889,
5953.jpg,calli-kaggle\data\data\test\yzq\5953.jpg,贯,贯,0.9965915679931641,
5954.jpg,calli-kaggle\data\data\test\yzq\5954.jpg,款,款,0.8737844824790955,
5955.jpg,calli-kaggle\data\data\test\yzq\5955.jpg,磨,磨,0.9979883432388306,
5956.jpg,calli-kaggle\data\data\test\yzq\5956.jpg,苏,苏,0.9997891783714294,
5957.jpg,calli-kaggle\data\data\test\yzq\5957.jpg,侵,侵,0.8785139322280884,
5958.jpg,calli-kaggle\data\data\test\yzq\5958.jpg,UNKNOWN,,0.0,
5959.jpg,calli-kaggle\data\data\test\yzq\5959.jpg,柳,柳,0.7839913368225098,
5960.jpg,calli-kaggle\data\data\test\yzq\5960.jpg,檐,檐,0.9302327036857605,
5961.jpg,calli-kaggle\data\data\test\yzq\5961.jpg,UNKNOWN,,0.0,
5962.jpg,calli-kaggle\data\data\test\yzq\5962.jpg,总,总,0.9794089198112488,
5963.jpg,calli-kaggle\data\data\test\yzq\5963.jpg,床,床,0.9974542260169983,
5964.jpg,calli-kaggle\data\data\test\yzq\5964.jpg,耩,耩,0.5359765291213989,
5965.jpg,calli-kaggle\data\data\test\yzq\5965.jpg,怡,怡,0.9983459711074829,
5966.jpg,calli-kaggle\data\data\test\yzq\5966.jpg,镉,镉,0.870877206325531,
5967.jpg,calli-kaggle\data\data\test\yzq\5967.jpg,蹭,蹭,0.8706295490264893,
5968.jpg,calli-kaggle\data\data\test\yzq\5968.jpg,UNKNOWN,,0.0,
5969.jpg,calli-kaggle\data\data\test\yzq\5969.jpg,甸,甸,0.9848203063011169,
5970.jpg,calli-kaggle\data\data\test\yzq\5970.jpg,蝶,蝶,0.7224688529968262,
5971.jpg,calli-kaggle\data\data\test\yzq\5971.jpg,UNKNOWN,,0.0,
5972.jpg,calli-kaggle\data\data\test\yzq\5972.jpg,UNKNOWN,,0.0,
5973.jpg,calli-kaggle\data\data\test\yzq\5973.jpg,卷,卷,0.38752084970474243,
5974.jpg,calli-kaggle\data\data\test\yzq\5974.jpg,UNKNOWN,,0.0,
5975.jpg,calli-kaggle\data\data\test\yzq\5975.jpg,UNKNOWN,,0.0,
5976.jpg,calli-kaggle\data\data\test\yzq\5976.jpg,UNKNOWN,,0.0,
5977.jpg,calli-kaggle\data\data\test\yzq\5977.jpg,仇,仇,0.8889473080635071,
5978.jpg,calli-kaggle\data\data\test\yzq\5978.jpg,UNKNOWN,,0.0,
5979.jpg,calli-kaggle\data\data\test\yzq\5979.jpg,UNKNOWN,,0.0,
5980.jpg,calli-kaggle\data\data\test\yzq\5980.jpg,经,经,0.5194100737571716,
5981.jpg,calli-kaggle\data\data\test\yzq\5981.jpg,胁,胁,0.9297003149986267,
5982.jpg,calli-kaggle\data\data\test\yzq\5982.jpg,嚼,嚼,0.9997276663780212,
5983.jpg,calli-kaggle\data\data\test\yzq\5983.jpg,豢,豢,0.9391053915023804,
5984.jpg,calli-kaggle\data\data\test\yzq\5984.jpg,呼,呼,0.7432665824890137,
5985.jpg,calli-kaggle\data\data\test\yzq\5985.jpg,瓶,瓶,0.503895103931427,
5986.jpg,calli-kaggle\data\data\test\yzq\5986.jpg,愫,愫,0.9968181848526001,
5987.jpg,calli-kaggle\data\data\test\yzq\5987.jpg,寝,寝,0.96851646900177,
5988.jpg,calli-kaggle\data\data\test\yzq\5988.jpg,俾,俾,0.9115884304046631,
5989.jpg,calli-kaggle\data\data\test\yzq\5989.jpg,宴,宴,0.9955762624740601,
5990.jpg,calli-kaggle\data\data\test\yzq\5990.jpg,席,席,0.9996844530105591,
5991.jpg,calli-kaggle\data\data\test\yzq\5991.jpg,烦,烦,0.9611916542053223,
5992.jpg,calli-kaggle\data\data\test\yzq\5992.jpg,矾,矾,0.9368957877159119,
5993.jpg,calli-kaggle\data\data\test\yzq\5993.jpg,兖,兖,0.7832970023155212,
5994.jpg,calli-kaggle\data\data\test\yzq\5994.jpg,撒,撒,0.7992830872535706,
5995.jpg,calli-kaggle\data\data\test\yzq\5995.jpg,牌,牌,0.42692628502845764,
5996.jpg,calli-kaggle\data\data\test\yzq\5996.jpg,UNKNOWN,,0.0,
5997.jpg,calli-kaggle\data\data\test\yzq\5997.jpg,唁,唁,0.9864978790283203,
5998.jpg,calli-kaggle\data\data\test\yzq\5998.jpg,UNKNOWN,,0.0,
5999.jpg,calli-kaggle\data\data\test\yzq\5999.jpg,耶,耶,0.996401309967041,
6000.jpg,calli-kaggle\data\data\test\yzq\6000.jpg,肩,肩,0.9986711740493774,
6001.jpg,calli-kaggle\data\data\test\yzq\6001.jpg,UNKNOWN,,0.0,
6002.jpg,calli-kaggle\data\data\test\yzq\6002.jpg,UNKNOWN,,0.0,
6003.jpg,calli-kaggle\data\data\test\yzq\6003.jpg,观,观,0.997450053691864,
6004.jpg,calli-kaggle\data\data\test\yzq\6004.jpg,UNKNOWN,,0.0,
6005.jpg,calli-kaggle\data\data\test\yzq\6005.jpg,UNKNOWN,,0.0,
6006.jpg,calli-kaggle\data\data\test\yzq\6006.jpg,蓓,蓓,0.9991494417190552,
6007.jpg,calli-kaggle\data\data\test\yzq\6007.jpg,柁,柁,0.6756981015205383,
6008.jpg,calli-kaggle\data\data\test\yzq\6008.jpg,灵,灵,0.9977165460586548,
6009.jpg,calli-kaggle\data\data\test\yzq\6009.jpg,腿,腿,0.9999113082885742,
6010.jpg,calli-kaggle\data\data\test\yzq\6010.jpg,UNKNOWN,,0.0,
6011.jpg,calli-kaggle\data\data\test\yzq\6011.jpg,UNKNOWN,,0.0,
6012.jpg,calli-kaggle\data\data\test\yzq\6012.jpg,财,财,0.9882966876029968,
6013.jpg,calli-kaggle\data\data\test\yzq\6013.jpg,UNKNOWN,,0.0,
6014.jpg,calli-kaggle\data\data\test\yzq\6014.jpg,UNKNOWN,,0.0,
6015.jpg,calli-kaggle\data\data\test\yzq\6015.jpg,篑,篑,0.47734400629997253,
6016.jpg,calli-kaggle\data\data\test\yzq\6016.jpg,傩,傩,0.4221344292163849,
6017.jpg,calli-kaggle\data\data\test\yzq\6017.jpg,糕,糕,0.9997952580451965,
6018.jpg,calli-kaggle\data\data\test\yzq\6018.jpg,受,受,0.9626222848892212,
6019.jpg,calli-kaggle\data\data\test\yzq\6019.jpg,没,没,0.9551262259483337,
6020.jpg,calli-kaggle\data\data\test\yzq\6020.jpg,啬,啬,0.8612939715385437,
6021.jpg,calli-kaggle\data\data\test\yzq\6021.jpg,弈,弈,0.9256691336631775,
6022.jpg,calli-kaggle\data\data\test\yzq\6022.jpg,UNKNOWN,,0.0,
6023.jpg,calli-kaggle\data\data\test\yzq\6023.jpg,辋,辋,0.4490901529788971,
6024.jpg,calli-kaggle\data\data\test\yzq\6024.jpg,潇,潇,0.8433036804199219,
6025.jpg,calli-kaggle\data\data\test\yzq\6025.jpg,苕,苕,0.7333444356918335,
6026.jpg,calli-kaggle\data\data\test\yzq\6026.jpg,何,何,0.9120014905929565,
6027.jpg,calli-kaggle\data\data\test\yzq\6027.jpg,葡,葡,0.9996910095214844,
6028.jpg,calli-kaggle\data\data\test\yzq\6028.jpg,UNKNOWN,,0.0,
6029.jpg,calli-kaggle\data\data\test\yzq\6029.jpg,蘼,蘼,0.5934935212135315,
6030.jpg,calli-kaggle\data\data\test\yzq\6030.jpg,鳏,鳏,0.8800738453865051,
6031.jpg,calli-kaggle\data\data\test\yzq\6031.jpg,驽,驽,0.9810703992843628,
6032.jpg,calli-kaggle\data\data\test\yzq\6032.jpg,沌,沌,0.9959965944290161,
6033.jpg,calli-kaggle\data\data\test\yzq\6033.jpg,巢,巢,0.999090313911438,
6034.jpg,calli-kaggle\data\data\test\yzq\6034.jpg,UNKNOWN,,0.0,
6035.jpg,calli-kaggle\data\data\test\yzq\6035.jpg,UNKNOWN,,0.0,
6036.jpg,calli-kaggle\data\data\test\yzq\6036.jpg,黛,黛,0.8354747295379639,
6037.jpg,calli-kaggle\data\data\test\yzq\6037.jpg,剪,剪,0.8050774335861206,
6038.jpg,calli-kaggle\data\data\test\yzq\6038.jpg,醍,醍,0.9945560693740845,
6039.jpg,calli-kaggle\data\data\test\yzq\6039.jpg,逾,逾,0.8628937005996704,
6040.jpg,calli-kaggle\data\data\test\yzq\6040.jpg,酉,酉,0.9460107088088989,
6041.jpg,calli-kaggle\data\data\test\yzq\6041.jpg,阑,阑,0.9919636249542236,
6042.jpg,calli-kaggle\data\data\test\yzq\6042.jpg,UNKNOWN,,0.0,
6043.jpg,calli-kaggle\data\data\test\yzq\6043.jpg,UNKNOWN,,0.0,
6044.jpg,calli-kaggle\data\data\test\yzq\6044.jpg,疖,疖,0.4481693506240845,
6045.jpg,calli-kaggle\data\data\test\yzq\6045.jpg,吒,吒,0.9603760242462158,
6046.jpg,calli-kaggle\data\data\test\yzq\6046.jpg,闹,闹,0.9947840571403503,
6047.jpg,calli-kaggle\data\data\test\yzq\6047.jpg,操,操,0.9992127418518066,
6048.jpg,calli-kaggle\data\data\test\yzq\6048.jpg,哔,哔,0.7082184553146362,
6049.jpg,calli-kaggle\data\data\test\yzq\6049.jpg,臃,臃,0.9750795960426331,
6050.jpg,calli-kaggle\data\data\test\yzq\6050.jpg,UNKNOWN,,0.0,
6051.jpg,calli-kaggle\data\data\test\yzq\6051.jpg,UNKNOWN,,0.0,
6052.jpg,calli-kaggle\data\data\test\yzq\6052.jpg,蓟,蓟,0.9819397330284119,
6053.jpg,calli-kaggle\data\data\test\yzq\6053.jpg,UNKNOWN,,0.0,
6054.jpg,calli-kaggle\data\data\test\yzq\6054.jpg,潜,潜,0.992206871509552,
6055.jpg,calli-kaggle\data\data\test\yzq\6055.jpg,镤,镤,0.4869961440563202,
6056.jpg,calli-kaggle\data\data\test\yzq\6056.jpg,章,章,0.9935729503631592,
6057.jpg,calli-kaggle\data\data\test\yzq\6057.jpg,蟆,蟆,0.9963155388832092,
6058.jpg,calli-kaggle\data\data\test\yzq\6058.jpg,逗,逗,0.991644561290741,
6059.jpg,calli-kaggle\data\data\test\yzq\6059.jpg,杠,杠,0.9760909080505371,
6060.jpg,calli-kaggle\data\data\test\yzq\6060.jpg,筋,筋,0.7439882159233093,
6061.jpg,calli-kaggle\data\data\test\yzq\6061.jpg,蚨,蚨,0.9708606600761414,
6062.jpg,calli-kaggle\data\data\test\yzq\6062.jpg,鹅,鹅,0.5735487341880798,
6063.jpg,calli-kaggle\data\data\test\yzq\6063.jpg,偷,偷,0.9965910911560059,
6064.jpg,calli-kaggle\data\data\test\yzq\6064.jpg,银,银,0.9959762692451477,
6065.jpg,calli-kaggle\data\data\test\yzq\6065.jpg,碜,碜,0.7943760752677917,
6066.jpg,calli-kaggle\data\data\test\yzq\6066.jpg,祸,祸,0.9828696846961975,
6067.jpg,calli-kaggle\data\data\test\yzq\6067.jpg,啁,啁,0.7950932383537292,
6068.jpg,calli-kaggle\data\data\test\yzq\6068.jpg,剖,剖,0.9931204319000244,
6069.jpg,calli-kaggle\data\data\test\yzq\6069.jpg,UNKNOWN,,0.0,
6070.jpg,calli-kaggle\data\data\test\yzq\6070.jpg,颊,颊,0.9978107810020447,
6071.jpg,calli-kaggle\data\data\test\yzq\6071.jpg,取,取,0.327190637588501,
6072.jpg,calli-kaggle\data\data\test\yzq\6072.jpg,鹛,鹛,0.6758578419685364,
6073.jpg,calli-kaggle\data\data\test\yzq\6073.jpg,UNKNOWN,,0.0,
6074.jpg,calli-kaggle\data\data\test\yzq\6074.jpg,UNKNOWN,,0.0,
6075.jpg,calli-kaggle\data\data\test\yzq\6075.jpg,轩,轩,0.997847318649292,
6076.jpg,calli-kaggle\data\data\test\yzq\6076.jpg,款,款,0.4625427722930908,
6077.jpg,calli-kaggle\data\data\test\yzq\6077.jpg,謇,謇,0.9913357496261597,
6078.jpg,calli-kaggle\data\data\test\yzq\6078.jpg,UNKNOWN,,0.0,
6079.jpg,calli-kaggle\data\data\test\yzq\6079.jpg,UNKNOWN,,0.0,
6080.jpg,calli-kaggle\data\data\test\yzq\6080.jpg,游,游,0.9974830746650696,
6081.jpg,calli-kaggle\data\data\test\yzq\6081.jpg,UNKNOWN,,0.0,
6082.jpg,calli-kaggle\data\data\test\yzq\6082.jpg,UNKNOWN,,0.0,
6083.jpg,calli-kaggle\data\data\test\yzq\6083.jpg,煽,煽,0.9754810333251953,
6084.jpg,calli-kaggle\data\data\test\yzq\6084.jpg,绡,绡,0.914405107498169,
6085.jpg,calli-kaggle\data\data\test\yzq\6085.jpg,UNKNOWN,,0.0,
6086.jpg,calli-kaggle\data\data\test\yzq\6086.jpg,艰,艰,0.9661021828651428,
6087.jpg,calli-kaggle\data\data\test\yzq\6087.jpg,倭,倭,0.8829740881919861,
6088.jpg,calli-kaggle\data\data\test\yzq\6088.jpg,番,番,0.5789467096328735,
6089.jpg,calli-kaggle\data\data\test\yzq\6089.jpg,写,写,0.8752869367599487,
6090.jpg,calli-kaggle\data\data\test\yzq\6090.jpg,严,严,0.5221489071846008,
6091.jpg,calli-kaggle\data\data\test\yzq\6091.jpg,UNKNOWN,,0.0,
6092.jpg,calli-kaggle\data\data\test\yzq\6092.jpg,UNKNOWN,,0.0,
6093.jpg,calli-kaggle\data\data\test\yzq\6093.jpg,UNKNOWN,,0.0,
6094.jpg,calli-kaggle\data\data\test\yzq\6094.jpg,UNKNOWN,,0.0,
6095.jpg,calli-kaggle\data\data\test\yzq\6095.jpg,保,保,0.4844602644443512,
6096.jpg,calli-kaggle\data\data\test\yzq\6096.jpg,UNKNOWN,,0.0,
6097.jpg,calli-kaggle\data\data\test\yzq\6097.jpg,UNKNOWN,,0.0,
6098.jpg,calli-kaggle\data\data\test\yzq\6098.jpg,傍,傍,0.9958119988441467,
6099.jpg,calli-kaggle\data\data\test\yzq\6099.jpg,舂,舂,0.934893012046814,
6100.jpg,calli-kaggle\data\data\test\yzq\6100.jpg,么,么,0.7438444495201111,
6101.jpg,calli-kaggle\data\data\test\yzq\6101.jpg,UNKNOWN,,0.0,
6102.jpg,calli-kaggle\data\data\test\yzq\6102.jpg,芳,芳,0.9857667684555054,
6103.jpg,calli-kaggle\data\data\test\yzq\6103.jpg,UNKNOWN,,0.0,
6104.jpg,calli-kaggle\data\data\test\yzq\6104.jpg,UNKNOWN,,0.0,
6105.jpg,calli-kaggle\data\data\test\yzq\6105.jpg,UNKNOWN,,0.0,
6106.jpg,calli-kaggle\data\data\test\yzq\6106.jpg,颐,颐,0.9629330635070801,
6107.jpg,calli-kaggle\data\data\test\yzq\6107.jpg,UNKNOWN,,0.0,
6108.jpg,calli-kaggle\data\data\test\yzq\6108.jpg,聘,聘,0.9736422896385193,
6109.jpg,calli-kaggle\data\data\test\yzq\6109.jpg,UNKNOWN,,0.0,
6110.jpg,calli-kaggle\data\data\test\yzq\6110.jpg,舍,舍,0.8072170615196228,
6111.jpg,calli-kaggle\data\data\test\yzq\6111.jpg,UNKNOWN,,0.0,
6112.jpg,calli-kaggle\data\data\test\yzq\6112.jpg,鲤,鲤,0.993145227432251,
6113.jpg,calli-kaggle\data\data\test\yzq\6113.jpg,娌,娌,0.8213124871253967,
6114.jpg,calli-kaggle\data\data\test\yzq\6114.jpg,UNKNOWN,,0.0,
6115.jpg,calli-kaggle\data\data\test\yzq\6115.jpg,UNKNOWN,,0.0,
6116.jpg,calli-kaggle\data\data\test\yzq\6116.jpg,UNKNOWN,,0.0,
6117.jpg,calli-kaggle\data\data\test\yzq\6117.jpg,荟,荟,0.9686588644981384,
6118.jpg,calli-kaggle\data\data\test\yzq\6118.jpg,蛇,蛇,0.9996863603591919,
6119.jpg,calli-kaggle\data\data\test\yzq\6119.jpg,UNKNOWN,,0.0,
6120.jpg,calli-kaggle\data\data\test\yzq\6120.jpg,UNKNOWN,,0.0,
6121.jpg,calli-kaggle\data\data\test\yzq\6121.jpg,UNKNOWN,,0.0,
6122.jpg,calli-kaggle\data\data\test\yzq\6122.jpg,融,融,0.9996706247329712,
6123.jpg,calli-kaggle\data\data\test\yzq\6123.jpg,UNKNOWN,,0.0,
6124.jpg,calli-kaggle\data\data\test\yzq\6124.jpg,氆,氆,0.3640316426753998,
6125.jpg,calli-kaggle\data\data\test\yzq\6125.jpg,卸,卸,0.8487327694892883,
6126.jpg,calli-kaggle\data\data\test\yzq\6126.jpg,UNKNOWN,,0.0,
6127.jpg,calli-kaggle\data\data\test\yzq\6127.jpg,UNKNOWN,,0.0,
6128.jpg,calli-kaggle\data\data\test\yzq\6128.jpg,蒯,蒯,0.7403824329376221,
6129.jpg,calli-kaggle\data\data\test\yzq\6129.jpg,UNKNOWN,,0.0,
6130.jpg,calli-kaggle\data\data\test\yzq\6130.jpg,黥,黥,0.6649192571640015,
6131.jpg,calli-kaggle\data\data\test\yzq\6131.jpg,UNKNOWN,,0.0,
6132.jpg,calli-kaggle\data\data\test\yzq\6132.jpg,UNKNOWN,,0.0,
6133.jpg,calli-kaggle\data\data\test\yzq\6133.jpg,UNKNOWN,,0.0,
6134.jpg,calli-kaggle\data\data\test\yzq\6134.jpg,桓,桓,0.9479179978370667,
6135.jpg,calli-kaggle\data\data\test\yzq\6135.jpg,磋,磋,0.9591884016990662,
6136.jpg,calli-kaggle\data\data\test\yzq\6136.jpg,UNKNOWN,,0.0,
6137.jpg,calli-kaggle\data\data\test\yzq\6137.jpg,厕,厕,0.349642276763916,
6138.jpg,calli-kaggle\data\data\test\yzq\6138.jpg,UNKNOWN,,0.0,
6139.jpg,calli-kaggle\data\data\test\yzq\6139.jpg,UNKNOWN,,0.0,
6140.jpg,calli-kaggle\data\data\test\yzq\6140.jpg,您,您,0.556004524230957,
6141.jpg,calli-kaggle\data\data\test\yzq\6141.jpg,心,心,0.9831280708312988,
6142.jpg,calli-kaggle\data\data\test\yzq\6142.jpg,绥,绥,0.9477570652961731,
6143.jpg,calli-kaggle\data\data\test\yzq\6143.jpg,UNKNOWN,,0.0,
6144.jpg,calli-kaggle\data\data\test\yzq\6144.jpg,UNKNOWN,,0.0,
6145.jpg,calli-kaggle\data\data\test\yzq\6145.jpg,UNKNOWN,,0.0,
6146.jpg,calli-kaggle\data\data\test\yzq\6146.jpg,济,济,0.9987455606460571,
6147.jpg,calli-kaggle\data\data\test\yzq\6147.jpg,轮,轮,0.8952413201332092,
6148.jpg,calli-kaggle\data\data\test\yzq\6148.jpg,UNKNOWN,,0.0,
6149.jpg,calli-kaggle\data\data\test\yzq\6149.jpg,UNKNOWN,,0.0,
6150.jpg,calli-kaggle\data\data\test\yzq\6150.jpg,蚝,蚝,0.9724581837654114,
6151.jpg,calli-kaggle\data\data\test\yzq\6151.jpg,2,2,0.4289153814315796,
6152.jpg,calli-kaggle\data\data\test\yzq\6152.jpg,阻,阻,0.9994288086891174,
6153.jpg,calli-kaggle\data\data\test\yzq\6153.jpg,辗,辗,0.946254551410675,
6154.jpg,calli-kaggle\data\data\test\yzq\6154.jpg,UNKNOWN,,0.0,
6155.jpg,calli-kaggle\data\data\test\yzq\6155.jpg,潋,潋,0.3994937539100647,
6156.jpg,calli-kaggle\data\data\test\yzq\6156.jpg,UNKNOWN,,0.0,
6157.jpg,calli-kaggle\data\data\test\yzq\6157.jpg,汹,汹,0.9879459142684937,
6158.jpg,calli-kaggle\data\data\test\yzq\6158.jpg,腾,腾,0.9942448735237122,
6159.jpg,calli-kaggle\data\data\test\yzq\6159.jpg,姓,姓,0.9990523457527161,
6160.jpg,calli-kaggle\data\data\test\yzq\6160.jpg,UNKNOWN,,0.0,
6161.jpg,calli-kaggle\data\data\test\yzq\6161.jpg,UNKNOWN,,0.0,
6162.jpg,calli-kaggle\data\data\test\yzq\6162.jpg,糖,糖,0.9646616578102112,
6163.jpg,calli-kaggle\data\data\test\yzq\6163.jpg,灼,灼,0.9850311279296875,
6164.jpg,calli-kaggle\data\data\test\yzq\6164.jpg,UNKNOWN,,0.0,
6165.jpg,calli-kaggle\data\data\test\yzq\6165.jpg,圃,圃,0.650478720664978,
6166.jpg,calli-kaggle\data\data\test\yzq\6166.jpg,战,战,0.8163995146751404,
6167.jpg,calli-kaggle\data\data\test\yzq\6167.jpg,鲱,鲱,0.528401792049408,
6168.jpg,calli-kaggle\data\data\test\yzq\6168.jpg,剪,剪,0.8693753480911255,
6169.jpg,calli-kaggle\data\data\test\yzq\6169.jpg,UNKNOWN,,0.0,
6170.jpg,calli-kaggle\data\data\test\yzq\6170.jpg,宝,宝,0.9986732006072998,
6171.jpg,calli-kaggle\data\data\test\yzq\6171.jpg,铜,铜,0.4093623757362366,
6172.jpg,calli-kaggle\data\data\test\yzq\6172.jpg,UNKNOWN,,0.0,
6173.jpg,calli-kaggle\data\data\test\yzq\6173.jpg,埯,埯,0.42043906450271606,
6174.jpg,calli-kaggle\data\data\test\yzq\6174.jpg,跎,跎,0.8326776623725891,
6175.jpg,calli-kaggle\data\data\test\yzq\6175.jpg,鼓,鼓,0.9899774789810181,
6176.jpg,calli-kaggle\data\data\test\yzq\6176.jpg,猛,猛,0.9996225833892822,
6177.jpg,calli-kaggle\data\data\test\yzq\6177.jpg,UNKNOWN,,0.0,
6178.jpg,calli-kaggle\data\data\test\yzq\6178.jpg,敖,敖,0.9584577083587646,
6179.jpg,calli-kaggle\data\data\test\yzq\6179.jpg,樱,樱,0.9969866871833801,
6180.jpg,calli-kaggle\data\data\test\yzq\6180.jpg,腌,腌,0.9315513968467712,
6181.jpg,calli-kaggle\data\data\test\yzq\6181.jpg,娇,娇,0.9934961795806885,
6182.jpg,calli-kaggle\data\data\test\yzq\6182.jpg,UNKNOWN,,0.0,
6183.jpg,calli-kaggle\data\data\test\yzq\6183.jpg,伍,伍,0.9921644926071167,
6184.jpg,calli-kaggle\data\data\test\yzq\6184.jpg,UNKNOWN,,0.0,
6185.jpg,calli-kaggle\data\data\test\yzq\6185.jpg,么,么,0.5401784777641296,
6186.jpg,calli-kaggle\data\data\test\yzq\6186.jpg,UNKNOWN,,0.0,
6187.jpg,calli-kaggle\data\data\test\yzq\6187.jpg,UNKNOWN,,0.0,
6188.jpg,calli-kaggle\data\data\test\yzq\6188.jpg,UNKNOWN,,0.0,
6189.jpg,calli-kaggle\data\data\test\yzq\6189.jpg,UNKNOWN,,0.0,
6190.jpg,calli-kaggle\data\data\test\yzq\6190.jpg,UNKNOWN,,0.0,
6191.jpg,calli-kaggle\data\data\test\yzq\6191.jpg,棒,棒,0.9725149869918823,
6192.jpg,calli-kaggle\data\data\test\yzq\6192.jpg,UNKNOWN,,0.0,
6193.jpg,calli-kaggle\data\data\test\yzq\6193.jpg,襄,襄,0.9714965224266052,
6194.jpg,calli-kaggle\data\data\test\yzq\6194.jpg,UNKNOWN,,0.0,
6195.jpg,calli-kaggle\data\data\test\yzq\6195.jpg,息,息,0.9978603720664978,
6196.jpg,calli-kaggle\data\data\test\yzq\6196.jpg,闲,闲,0.9965971112251282,
6197.jpg,calli-kaggle\data\data\test\yzq\6197.jpg,躐,躐,0.6474491357803345,
6198.jpg,calli-kaggle\data\data\test\yzq\6198.jpg,UNKNOWN,,0.0,
6199.jpg,calli-kaggle\data\data\test\yzq\6199.jpg,UNKNOWN,,0.0,
6200.jpg,calli-kaggle\data\data\test\yzq\6200.jpg,UNKNOWN,,0.0,
6201.jpg,calli-kaggle\data\data\test\yzq\6201.jpg,UNKNOWN,,0.0,
6202.jpg,calli-kaggle\data\data\test\yzq\6202.jpg,UNKNOWN,,0.0,
6203.jpg,calli-kaggle\data\data\test\yzq\6203.jpg,稹,稹,0.9308243989944458,
6204.jpg,calli-kaggle\data\data\test\yzq\6204.jpg,UNKNOWN,,0.0,
6205.jpg,calli-kaggle\data\data\test\yzq\6205.jpg,卷,卷,0.9884186387062073,
6206.jpg,calli-kaggle\data\data\test\yzq\6206.jpg,集,集,0.998784601688385,
6207.jpg,calli-kaggle\data\data\test\yzq\6207.jpg,UNKNOWN,,0.0,
6208.jpg,calli-kaggle\data\data\test\yzq\6208.jpg,餓,餓,0.64547199010849,
6209.jpg,calli-kaggle\data\data\test\yzq\6209.jpg,UNKNOWN,,0.0,
6210.jpg,calli-kaggle\data\data\test\yzq\6210.jpg,UNKNOWN,,0.0,
6211.jpg,calli-kaggle\data\data\test\yzq\6211.jpg,谩,谩,0.40950295329093933,
6212.jpg,calli-kaggle\data\data\test\yzq\6212.jpg,齿,齿,0.9998611211776733,
6213.jpg,calli-kaggle\data\data\test\yzq\6213.jpg,UNKNOWN,,0.0,
6214.jpg,calli-kaggle\data\data\test\yzq\6214.jpg,蘖,蘖,0.48112472891807556,
6215.jpg,calli-kaggle\data\data\test\yzq\6215.jpg,UNKNOWN,,0.0,
6216.jpg,calli-kaggle\data\data\test\yzq\6216.jpg,邹,邹,0.9990641474723816,
6217.jpg,calli-kaggle\data\data\test\yzq\6217.jpg,旃,旃,0.7766153812408447,
6218.jpg,calli-kaggle\data\data\test\yzq\6218.jpg,UNKNOWN,,0.0,
6219.jpg,calli-kaggle\data\data\test\yzq\6219.jpg,浏,浏,0.9829315543174744,
6220.jpg,calli-kaggle\data\data\test\yzq\6220.jpg,恙,恙,0.9962463974952698,
6221.jpg,calli-kaggle\data\data\test\yzq\6221.jpg,\,\,0.4796631336212158,
6222.jpg,calli-kaggle\data\data\test\yzq\6222.jpg,赶,赶,0.9981617331504822,
6223.jpg,calli-kaggle\data\data\test\yzq\6223.jpg,数,数,0.6636117100715637,
6224.jpg,calli-kaggle\data\data\test\yzq\6224.jpg,腰,腰,0.9993622899055481,
6225.jpg,calli-kaggle\data\data\test\yzq\6225.jpg,详,详,0.9869863390922546,
6226.jpg,calli-kaggle\data\data\test\yzq\6226.jpg,裱,裱,0.9212725758552551,
6227.jpg,calli-kaggle\data\data\test\yzq\6227.jpg,UNKNOWN,,0.0,
6228.jpg,calli-kaggle\data\data\test\yzq\6228.jpg,厦,厦,0.9912052750587463,
6229.jpg,calli-kaggle\data\data\test\yzq\6229.jpg,UNKNOWN,,0.0,
6230.jpg,calli-kaggle\data\data\test\yzq\6230.jpg,犄,犄,0.40706080198287964,
6231.jpg,calli-kaggle\data\data\test\yzq\6231.jpg,UNKNOWN,,0.0,
6232.jpg,calli-kaggle\data\data\test\yzq\6232.jpg,肥,肥,0.8363445997238159,
6233.jpg,calli-kaggle\data\data\test\yzq\6233.jpg,车,车,0.3661259412765503,
6234.jpg,calli-kaggle\data\data\test\yzq\6234.jpg,UNKNOWN,,0.0,
6235.jpg,calli-kaggle\data\data\test\yzq\6235.jpg,瘫,瘫,0.6069769859313965,
6236.jpg,calli-kaggle\data\data\test\yzq\6236.jpg,UNKNOWN,,0.0,
6237.jpg,calli-kaggle\data\data\test\yzq\6237.jpg,却,却,0.7249435782432556,
6238.jpg,calli-kaggle\data\data\test\yzq\6238.jpg,UNKNOWN,,0.0,
6239.jpg,calli-kaggle\data\data\test\yzq\6239.jpg,捅,捅,0.772858738899231,
6240.jpg,calli-kaggle\data\data\test\yzq\6240.jpg,香,香,0.5332641005516052,
6241.jpg,calli-kaggle\data\data\test\yzq\6241.jpg,职,职,0.9993792772293091,
6242.jpg,calli-kaggle\data\data\test\yzq\6242.jpg,鲣,鲣,0.506746232509613,
6243.jpg,calli-kaggle\data\data\test\yzq\6243.jpg,忠,忠,0.6224255561828613,
6244.jpg,calli-kaggle\data\data\test\yzq\6244.jpg,影,影,0.9998263716697693,
6245.jpg,calli-kaggle\data\data\test\yzq\6245.jpg,窕,窕,0.991004228591919,
6246.jpg,calli-kaggle\data\data\test\yzq\6246.jpg,辣,辣,0.9995593428611755,
6247.jpg,calli-kaggle\data\data\test\yzq\6247.jpg,链,链,0.8071019649505615,
6248.jpg,calli-kaggle\data\data\test\yzq\6248.jpg,UNKNOWN,,0.0,
6249.jpg,calli-kaggle\data\data\test\yzq\6249.jpg,度,度,0.9127957224845886,
6250.jpg,calli-kaggle\data\data\test\yzq\6250.jpg,UNKNOWN,,0.0,
6251.jpg,calli-kaggle\data\data\test\yzq\6251.jpg,优,优,0.9954734444618225,
6252.jpg,calli-kaggle\data\data\test\yzq\6252.jpg,趟,趟,0.9791817665100098,
6253.jpg,calli-kaggle\data\data\test\yzq\6253.jpg,酒,酒,0.3615892827510834,
6254.jpg,calli-kaggle\data\data\test\yzq\6254.jpg,拓,拓,0.9988138675689697,
6255.jpg,calli-kaggle\data\data\test\yzq\6255.jpg,解,解,0.3457271158695221,
6256.jpg,calli-kaggle\data\data\test\yzq\6256.jpg,去,去,0.9132062792778015,
6257.jpg,calli-kaggle\data\data\test\yzq\6257.jpg,芸,芸,0.9915494918823242,
6258.jpg,calli-kaggle\data\data\test\yzq\6258.jpg,甘,甘,0.3247263729572296,
6259.jpg,calli-kaggle\data\data\test\yzq\6259.jpg,涂,涂,0.8526758551597595,
6260.jpg,calli-kaggle\data\data\test\yzq\6260.jpg,UNKNOWN,,0.0,
6261.jpg,calli-kaggle\data\data\test\yzq\6261.jpg,咱,咱,0.9428330063819885,
6262.jpg,calli-kaggle\data\data\test\yzq\6262.jpg,宰,宰,0.7673122882843018,
6263.jpg,calli-kaggle\data\data\test\yzq\6263.jpg,涡,涡,0.9992283582687378,
6264.jpg,calli-kaggle\data\data\test\yzq\6264.jpg,昏,昏,0.9778909683227539,
6265.jpg,calli-kaggle\data\data\test\yzq\6265.jpg,悭,悭,0.5447943210601807,
6266.jpg,calli-kaggle\data\data\test\yzq\6266.jpg,咦,咦,0.9435852766036987,
6267.jpg,calli-kaggle\data\data\test\yzq\6267.jpg,炫,炫,0.998870313167572,
6268.jpg,calli-kaggle\data\data\test\yzq\6268.jpg,指,指,0.9993937015533447,
6269.jpg,calli-kaggle\data\data\test\yzq\6269.jpg,秘,秘,0.9984005093574524,
6270.jpg,calli-kaggle\data\data\test\yzq\6270.jpg,腙,腙,0.5170300006866455,
6271.jpg,calli-kaggle\data\data\test\yzq\6271.jpg,UNKNOWN,,0.0,
6272.jpg,calli-kaggle\data\data\test\yzq\6272.jpg,UNKNOWN,,0.0,
6273.jpg,calli-kaggle\data\data\test\yzq\6273.jpg,肿,肿,0.9788667559623718,
6274.jpg,calli-kaggle\data\data\test\yzq\6274.jpg,羲,羲,0.9967711567878723,
6275.jpg,calli-kaggle\data\data\test\yzq\6275.jpg,UNKNOWN,,0.0,
6276.jpg,calli-kaggle\data\data\test\yzq\6276.jpg,痈,痈,0.9401317834854126,
6277.jpg,calli-kaggle\data\data\test\yzq\6277.jpg,央,央,0.8390368223190308,
6278.jpg,calli-kaggle\data\data\test\yzq\6278.jpg,蔡,蔡,0.9995706677436829,
6279.jpg,calli-kaggle\data\data\test\yzq\6279.jpg,幛,幛,0.5504528880119324,
6280.jpg,calli-kaggle\data\data\test\yzq\6280.jpg,UNKNOWN,,0.0,
6281.jpg,calli-kaggle\data\data\test\yzq\6281.jpg,话,话,0.5305067300796509,
6282.jpg,calli-kaggle\data\data\test\yzq\6282.jpg,朦,朦,0.9701700210571289,
6283.jpg,calli-kaggle\data\data\test\yzq\6283.jpg,舰,舰,0.9899643063545227,
6284.jpg,calli-kaggle\data\data\test\yzq\6284.jpg,怪,怪,0.759954035282135,
6285.jpg,calli-kaggle\data\data\test\yzq\6285.jpg,垄,垄,0.9326975345611572,
6286.jpg,calli-kaggle\data\data\test\yzq\6286.jpg,UNKNOWN,,0.0,
6287.jpg,calli-kaggle\data\data\test\yzq\6287.jpg,UNKNOWN,,0.0,
6288.jpg,calli-kaggle\data\data\test\yzq\6288.jpg,筌,筌,0.7428627014160156,
6289.jpg,calli-kaggle\data\data\test\yzq\6289.jpg,到,到,0.933289110660553,
6290.jpg,calli-kaggle\data\data\test\yzq\6290.jpg,得,得,0.9997538924217224,
6291.jpg,calli-kaggle\data\data\test\yzq\6291.jpg,UNKNOWN,,0.0,
6292.jpg,calli-kaggle\data\data\test\yzq\6292.jpg,贞,贞,0.9309561848640442,
6293.jpg,calli-kaggle\data\data\test\yzq\6293.jpg,饯,饯,0.9669108390808105,
6294.jpg,calli-kaggle\data\data\test\yzq\6294.jpg,佑,佑,0.9994392991065979,
6295.jpg,calli-kaggle\data\data\test\yzq\6295.jpg,楗,楗,0.6833738088607788,
6296.jpg,calli-kaggle\data\data\test\yzq\6296.jpg,UNKNOWN,,0.0,
6297.jpg,calli-kaggle\data\data\test\yzq\6297.jpg,UNKNOWN,,0.0,
6298.jpg,calli-kaggle\data\data\test\yzq\6298.jpg,UNKNOWN,,0.0,
6299.jpg,calli-kaggle\data\data\test\yzq\6299.jpg,UNKNOWN,,0.0,
6300.jpg,calli-kaggle\data\data\test\yzq\6300.jpg,UNKNOWN,,0.0,
6301.jpg,calli-kaggle\data\data\test\yzq\6301.jpg,阐,阐,0.9811479449272156,
6302.jpg,calli-kaggle\data\data\test\yzq\6302.jpg,谙,谙,0.7574843764305115,
6303.jpg,calli-kaggle\data\data\test\yzq\6303.jpg,官,官,0.9771566987037659,
6304.jpg,calli-kaggle\data\data\test\yzq\6304.jpg,龙,龙,0.9996672868728638,
6305.jpg,calli-kaggle\data\data\test\yzq\6305.jpg,捕,捕,0.9617148637771606,
6306.jpg,calli-kaggle\data\data\test\yzq\6306.jpg,UNKNOWN,,0.0,
6307.jpg,calli-kaggle\data\data\test\yzq\6307.jpg,拥,拥,0.9989423155784607,
6308.jpg,calli-kaggle\data\data\test\yzq\6308.jpg,怙,怙,0.45319458842277527,
6309.jpg,calli-kaggle\data\data\test\yzq\6309.jpg,柄,柄,0.9979463219642639,
6310.jpg,calli-kaggle\data\data\test\yzq\6310.jpg,棟,棟,0.9731336832046509,
6311.jpg,calli-kaggle\data\data\test\yzq\6311.jpg,UNKNOWN,,0.0,
6312.jpg,calli-kaggle\data\data\test\yzq\6312.jpg,锌,锌,0.9044811725616455,
6313.jpg,calli-kaggle\data\data\test\yzq\6313.jpg,UNKNOWN,,0.0,
6314.jpg,calli-kaggle\data\data\test\yzq\6314.jpg,UNKNOWN,,0.0,
6315.jpg,calli-kaggle\data\data\test\yzq\6315.jpg,龄,龄,0.9902456998825073,
6316.jpg,calli-kaggle\data\data\test\yzq\6316.jpg,金,金,0.6771477460861206,
6317.jpg,calli-kaggle\data\data\test\yzq\6317.jpg,UNKNOWN,,0.0,
6318.jpg,calli-kaggle\data\data\test\yzq\6318.jpg,芘,芘,0.7435699105262756,
6319.jpg,calli-kaggle\data\data\test\yzq\6319.jpg,UNKNOWN,,0.0,
6320.jpg,calli-kaggle\data\data\test\yzq\6320.jpg,帝,帝,0.9953439831733704,
6321.jpg,calli-kaggle\data\data\test\yzq\6321.jpg,固,固,0.997541069984436,
6322.jpg,calli-kaggle\data\data\test\yzq\6322.jpg,UNKNOWN,,0.0,
6323.jpg,calli-kaggle\data\data\test\yzq\6323.jpg,姥,姥,0.9925459027290344,
6324.jpg,calli-kaggle\data\data\test\yzq\6324.jpg,伸,伸,0.9447252750396729,
6325.jpg,calli-kaggle\data\data\test\yzq\6325.jpg,库,库,0.9957274198532104,
6326.jpg,calli-kaggle\data\data\test\yzq\6326.jpg,UNKNOWN,,0.0,
6327.jpg,calli-kaggle\data\data\test\yzq\6327.jpg,媚,媚,0.9997599720954895,
6328.jpg,calli-kaggle\data\data\test\yzq\6328.jpg,靥,靥,0.3748483955860138,
6329.jpg,calli-kaggle\data\data\test\yzq\6329.jpg,纂,纂,0.9690285921096802,
6330.jpg,calli-kaggle\data\data\test\yzq\6330.jpg,擂,擂,0.545415461063385,
6331.jpg,calli-kaggle\data\data\test\yzq\6331.jpg,溪,溪,0.9683583974838257,
6332.jpg,calli-kaggle\data\data\test\yzq\6332.jpg,召,召,0.9603891372680664,
6333.jpg,calli-kaggle\data\data\test\yzq\6333.jpg,莘,莘,0.9811262488365173,
6334.jpg,calli-kaggle\data\data\test\yzq\6334.jpg,UNKNOWN,,0.0,
6335.jpg,calli-kaggle\data\data\test\yzq\6335.jpg,俯,俯,0.911304771900177,
6336.jpg,calli-kaggle\data\data\test\yzq\6336.jpg,碣,碣,0.8726128339767456,
6337.jpg,calli-kaggle\data\data\test\yzq\6337.jpg,誊,誊,0.9971532821655273,
6338.jpg,calli-kaggle\data\data\test\yzq\6338.jpg,逐,逐,0.9979594945907593,
6339.jpg,calli-kaggle\data\data\test\yzq\6339.jpg,温,温,0.74568772315979,
6340.jpg,calli-kaggle\data\data\test\yzq\6340.jpg,耐,耐,0.9933005571365356,
6341.jpg,calli-kaggle\data\data\test\yzq\6341.jpg,逞,逞,0.9916947484016418,
6342.jpg,calli-kaggle\data\data\test\yzq\6342.jpg,禳,禳,0.48453661799430847,
6343.jpg,calli-kaggle\data\data\test\yzq\6343.jpg,蛟,蛟,0.9985212683677673,
6344.jpg,calli-kaggle\data\data\test\yzq\6344.jpg,UNKNOWN,,0.0,
6345.jpg,calli-kaggle\data\data\test\yzq\6345.jpg,UNKNOWN,,0.0,
6346.jpg,calli-kaggle\data\data\test\yzq\6346.jpg,沈,沈,0.7725595235824585,
6347.jpg,calli-kaggle\data\data\test\yzq\6347.jpg,翳,翳,0.99561607837677,
6348.jpg,calli-kaggle\data\data\test\yzq\6348.jpg,渝,渝,0.8761821985244751,
6349.jpg,calli-kaggle\data\data\test\yzq\6349.jpg,圳,圳,0.9947845339775085,
6350.jpg,calli-kaggle\data\data\test\yzq\6350.jpg,UNKNOWN,,0.0,
6351.jpg,calli-kaggle\data\data\test\yzq\6351.jpg,UNKNOWN,,0.0,
6352.jpg,calli-kaggle\data\data\test\yzq\6352.jpg,UNKNOWN,,0.0,
6353.jpg,calli-kaggle\data\data\test\yzq\6353.jpg,郎,郎,0.4467613399028778,
6354.jpg,calli-kaggle\data\data\test\yzq\6354.jpg,憧,憧,0.5960797667503357,
6355.jpg,calli-kaggle\data\data\test\yzq\6355.jpg,UNKNOWN,,0.0,
6356.jpg,calli-kaggle\data\data\test\yzq\6356.jpg,廑,廑,0.4327503740787506,
6357.jpg,calli-kaggle\data\data\test\yzq\6357.jpg,左,左,0.9973182082176208,
6358.jpg,calli-kaggle\data\data\test\yzq\6358.jpg,诊,诊,0.9942417144775391,
6359.jpg,calli-kaggle\data\data\test\yzq\6359.jpg,券,券,0.9970529079437256,
6360.jpg,calli-kaggle\data\data\test\yzq\6360.jpg,孔,孔,0.9996823072433472,
6361.jpg,calli-kaggle\data\data\test\yzq\6361.jpg,UNKNOWN,,0.0,
6362.jpg,calli-kaggle\data\data\test\yzq\6362.jpg,巅,巅,0.9859086871147156,
6363.jpg,calli-kaggle\data\data\test\yzq\6363.jpg,UNKNOWN,,0.0,
6364.jpg,calli-kaggle\data\data\test\yzq\6364.jpg,UNKNOWN,,0.0,
6365.jpg,calli-kaggle\data\data\test\yzq\6365.jpg,松,松,0.8803759813308716,
6366.jpg,calli-kaggle\data\data\test\yzq\6366.jpg,UNKNOWN,,0.0,
6367.jpg,calli-kaggle\data\data\test\yzq\6367.jpg,UNKNOWN,,0.0,
6368.jpg,calli-kaggle\data\data\test\yzq\6368.jpg,UNKNOWN,,0.0,
6369.jpg,calli-kaggle\data\data\test\yzq\6369.jpg,T,T,0.4397185146808624,
6370.jpg,calli-kaggle\data\data\test\yzq\6370.jpg,巨,巨,0.4831673204898834,
6371.jpg,calli-kaggle\data\data\test\yzq\6371.jpg,缉,缉,0.9924127459526062,
6372.jpg,calli-kaggle\data\data\test\yzq\6372.jpg,UNKNOWN,,0.0,
6373.jpg,calli-kaggle\data\data\test\yzq\6373.jpg,UNKNOWN,,0.0,
6374.jpg,calli-kaggle\data\data\test\yzq\6374.jpg,UNKNOWN,,0.0,
6375.jpg,calli-kaggle\data\data\test\yzq\6375.jpg,鲒,鲒,0.6316861510276794,
6376.jpg,calli-kaggle\data\data\test\yzq\6376.jpg,蚺,蚺,0.8252291083335876,
6377.jpg,calli-kaggle\data\data\test\yzq\6377.jpg,UNKNOWN,,0.0,
6378.jpg,calli-kaggle\data\data\test\yzq\6378.jpg,习,习,0.9909061193466187,
6379.jpg,calli-kaggle\data\data\test\yzq\6379.jpg,UNKNOWN,,0.0,
6380.jpg,calli-kaggle\data\data\test\yzq\6380.jpg,轴,轴,0.993355393409729,
6381.jpg,calli-kaggle\data\data\test\yzq\6381.jpg,粑,粑,0.9456475973129272,
6382.jpg,calli-kaggle\data\data\test\yzq\6382.jpg,UNKNOWN,,0.0,
6383.jpg,calli-kaggle\data\data\test\yzq\6383.jpg,笃,笃,0.48195764422416687,
6384.jpg,calli-kaggle\data\data\test\yzq\6384.jpg,星,星,0.9998236298561096,
6385.jpg,calli-kaggle\data\data\test\yzq\6385.jpg,UNKNOWN,,0.0,
6386.jpg,calli-kaggle\data\data\test\yzq\6386.jpg,UNKNOWN,,0.0,
6387.jpg,calli-kaggle\data\data\test\yzq\6387.jpg,瘾,瘾,0.9558866620063782,
6388.jpg,calli-kaggle\data\data\test\yzq\6388.jpg,UNKNOWN,,0.0,
6389.jpg,calli-kaggle\data\data\test\yzq\6389.jpg,UNKNOWN,,0.0,
6390.jpg,calli-kaggle\data\data\test\yzq\6390.jpg,UNKNOWN,,0.0,
6391.jpg,calli-kaggle\data\data\test\yzq\6391.jpg,浙,浙,0.9357231259346008,
6392.jpg,calli-kaggle\data\data\test\yzq\6392.jpg,亿,亿,0.5728970766067505,
6393.jpg,calli-kaggle\data\data\test\yzq\6393.jpg,婢,婢,0.8775907158851624,
6394.jpg,calli-kaggle\data\data\test\yzq\6394.jpg,瓯,瓯,0.8836644291877747,
6395.jpg,calli-kaggle\data\data\test\yzq\6395.jpg,铝,铝,0.9957188963890076,
6396.jpg,calli-kaggle\data\data\test\yzq\6396.jpg,劝,劝,0.9947935938835144,
6397.jpg,calli-kaggle\data\data\test\yzq\6397.jpg,紊,紊,0.9626298546791077,
6398.jpg,calli-kaggle\data\data\test\yzq\6398.jpg,UNKNOWN,,0.0,
6399.jpg,calli-kaggle\data\data\test\yzq\6399.jpg,挫,挫,0.9991859793663025,
6400.jpg,calli-kaggle\data\data\test\yzq\6400.jpg,UNKNOWN,,0.0,
6401.jpg,calli-kaggle\data\data\test\yzq\6401.jpg,贝,贝,0.8777565360069275,
6402.jpg,calli-kaggle\data\data\test\yzq\6402.jpg,覃,覃,0.9667468070983887,
6403.jpg,calli-kaggle\data\data\test\yzq\6403.jpg,UNKNOWN,,0.0,
6404.jpg,calli-kaggle\data\data\test\yzq\6404.jpg,稍,稍,0.995431661605835,
6405.jpg,calli-kaggle\data\data\test\yzq\6405.jpg,族,族,0.9984827637672424,
6406.jpg,calli-kaggle\data\data\test\yzq\6406.jpg,坝,坝,0.9805141091346741,
6407.jpg,calli-kaggle\data\data\test\yzq\6407.jpg,UNKNOWN,,0.0,
6408.jpg,calli-kaggle\data\data\test\yzq\6408.jpg,桴,桴,0.956802487373352,
6409.jpg,calli-kaggle\data\data\test\yzq\6409.jpg,膊,膊,0.7810329794883728,
6410.jpg,calli-kaggle\data\data\test\yzq\6410.jpg,UNKNOWN,,0.0,
6411.jpg,calli-kaggle\data\data\test\yzq\6411.jpg,匕,匕,0.8881044387817383,
6412.jpg,calli-kaggle\data\data\test\yzq\6412.jpg,傻,傻,0.9731358289718628,
6413.jpg,calli-kaggle\data\data\test\yzq\6413.jpg,硖,硖,0.4396590292453766,
6414.jpg,calli-kaggle\data\data\test\yzq\6414.jpg,租,租,0.999290943145752,
6415.jpg,calli-kaggle\data\data\test\yzq\6415.jpg,骨,骨,0.9978386759757996,
6416.jpg,calli-kaggle\data\data\test\yzq\6416.jpg,靴,靴,0.9798679947853088,
6417.jpg,calli-kaggle\data\data\test\yzq\6417.jpg,花,花,0.8092692494392395,
6418.jpg,calli-kaggle\data\data\test\yzq\6418.jpg,UNKNOWN,,0.0,
6419.jpg,calli-kaggle\data\data\test\yzq\6419.jpg,絮,絮,0.993389368057251,
6420.jpg,calli-kaggle\data\data\test\yzq\6420.jpg,UNKNOWN,,0.0,
6421.jpg,calli-kaggle\data\data\test\yzq\6421.jpg,兵,兵,0.4430321455001831,
6422.jpg,calli-kaggle\data\data\test\yzq\6422.jpg,UNKNOWN,,0.0,
6423.jpg,calli-kaggle\data\data\test\yzq\6423.jpg,UNKNOWN,,0.0,
6424.jpg,calli-kaggle\data\data\test\yzq\6424.jpg,凯,凯,0.35670897364616394,
6425.jpg,calli-kaggle\data\data\test\yzq\6425.jpg,台,台,0.9998363256454468,
6426.jpg,calli-kaggle\data\data\test\yzq\6426.jpg,领,领,0.37894168496131897,
6427.jpg,calli-kaggle\data\data\test\yzq\6427.jpg,掺,掺,0.9780914187431335,
6428.jpg,calli-kaggle\data\data\test\yzq\6428.jpg,UNKNOWN,,0.0,
6429.jpg,calli-kaggle\data\data\test\yzq\6429.jpg,建,建,0.3859568238258362,
6430.jpg,calli-kaggle\data\data\test\yzq\6430.jpg,润,润,0.7896703481674194,
6431.jpg,calli-kaggle\data\data\test\yzq\6431.jpg,销,销,0.99861741065979,
6432.jpg,calli-kaggle\data\data\test\yzq\6432.jpg,望,望,0.9981139898300171,
6433.jpg,calli-kaggle\data\data\test\yzq\6433.jpg,笱,笱,0.5180982947349548,
6434.jpg,calli-kaggle\data\data\test\yzq\6434.jpg,鏊,鏊,0.3809608519077301,
6435.jpg,calli-kaggle\data\data\test\yzq\6435.jpg,鼻,鼻,0.9638037085533142,
6436.jpg,calli-kaggle\data\data\test\yzq\6436.jpg,灸,灸,0.9917522072792053,
6437.jpg,calli-kaggle\data\data\test\yzq\6437.jpg,妾,妾,0.5349425077438354,
6438.jpg,calli-kaggle\data\data\test\yzq\6438.jpg,鲑,鲑,0.4239118695259094,
6439.jpg,calli-kaggle\data\data\test\yzq\6439.jpg,僮,僮,0.894383430480957,
6440.jpg,calli-kaggle\data\data\test\yzq\6440.jpg,赭,赭,0.812481701374054,
6441.jpg,calli-kaggle\data\data\test\yzq\6441.jpg,荐,荐,0.9853695034980774,
6442.jpg,calli-kaggle\data\data\test\yzq\6442.jpg,软,软,0.9954029321670532,
6443.jpg,calli-kaggle\data\data\test\yzq\6443.jpg,UNKNOWN,,0.0,
6444.jpg,calli-kaggle\data\data\test\yzq\6444.jpg,蛀,蛀,0.9942647814750671,
6445.jpg,calli-kaggle\data\data\test\yzq\6445.jpg,UNKNOWN,,0.0,
6446.jpg,calli-kaggle\data\data\test\yzq\6446.jpg,掣,掣,0.549224853515625,
6447.jpg,calli-kaggle\data\data\test\yzq\6447.jpg,珍,珍,0.9924100637435913,
6448.jpg,calli-kaggle\data\data\test\yzq\6448.jpg,UNKNOWN,,0.0,
6449.jpg,calli-kaggle\data\data\test\yzq\6449.jpg,旆,旆,0.5096814036369324,
6450.jpg,calli-kaggle\data\data\test\yzq\6450.jpg,柏,柏,0.9912006258964539,
6451.jpg,calli-kaggle\data\data\test\yzq\6451.jpg,岁,岁,0.44627994298934937,
6452.jpg,calli-kaggle\data\data\test\yzq\6452.jpg,塾,塾,0.6096338629722595,
6453.jpg,calli-kaggle\data\data\test\yzq\6453.jpg,会,会,0.34264805912971497,
6454.jpg,calli-kaggle\data\data\test\yzq\6454.jpg,砖,砖,0.99798583984375,
6455.jpg,calli-kaggle\data\data\test\yzq\6455.jpg,填,填,0.9992590546607971,
6456.jpg,calli-kaggle\data\data\test\yzq\6456.jpg,窍,窍,0.9960722923278809,
6457.jpg,calli-kaggle\data\data\test\yzq\6457.jpg,蝣,蝣,0.9715856313705444,
6458.jpg,calli-kaggle\data\data\test\yzq\6458.jpg,UNKNOWN,,0.0,
6459.jpg,calli-kaggle\data\data\test\yzq\6459.jpg,诟,诟,0.33632662892341614,
6460.jpg,calli-kaggle\data\data\test\yzq\6460.jpg,UNKNOWN,,0.0,
6461.jpg,calli-kaggle\data\data\test\yzq\6461.jpg,董,董,0.9978544116020203,
6462.jpg,calli-kaggle\data\data\test\yzq\6462.jpg,UNKNOWN,,0.0,
6463.jpg,calli-kaggle\data\data\test\yzq\6463.jpg,UNKNOWN,,0.0,
6464.jpg,calli-kaggle\data\data\test\yzq\6464.jpg,禹,禹,0.9714715480804443,
6465.jpg,calli-kaggle\data\data\test\yzq\6465.jpg,遨,遨,0.38189586997032166,
6466.jpg,calli-kaggle\data\data\test\yzq\6466.jpg,镯,镯,0.7823804616928101,
6467.jpg,calli-kaggle\data\data\test\yzq\6467.jpg,璀,璀,0.9543293118476868,
6468.jpg,calli-kaggle\data\data\test\yzq\6468.jpg,河,河,0.584930419921875,
6469.jpg,calli-kaggle\data\data\test\yzq\6469.jpg,堑,堑,0.4621727466583252,
6470.jpg,calli-kaggle\data\data\test\yzq\6470.jpg,UNKNOWN,,0.0,
6471.jpg,calli-kaggle\data\data\test\yzq\6471.jpg,柴,柴,0.9965344667434692,
6472.jpg,calli-kaggle\data\data\test\yzq\6472.jpg,额,额,0.999762237071991,
6473.jpg,calli-kaggle\data\data\test\yzq\6473.jpg,UNKNOWN,,0.0,
6474.jpg,calli-kaggle\data\data\test\yzq\6474.jpg,国,国,0.5681025385856628,
6475.jpg,calli-kaggle\data\data\test\yzq\6475.jpg,爽,爽,0.9856562614440918,
6476.jpg,calli-kaggle\data\data\test\yzq\6476.jpg,UNKNOWN,,0.0,
6477.jpg,calli-kaggle\data\data\test\yzq\6477.jpg,UNKNOWN,,0.0,
6478.jpg,calli-kaggle\data\data\test\yzq\6478.jpg,周,周,0.9974610805511475,
6479.jpg,calli-kaggle\data\data\test\yzq\6479.jpg,UNKNOWN,,0.0,
6480.jpg,calli-kaggle\data\data\test\yzq\6480.jpg,UNKNOWN,,0.0,
6481.jpg,calli-kaggle\data\data\test\yzq\6481.jpg,赢,赢,0.6453565955162048,
6482.jpg,calli-kaggle\data\data\test\yzq\6482.jpg,UNKNOWN,,0.0,
6483.jpg,calli-kaggle\data\data\test\yzq\6483.jpg,網,網,0.685161828994751,
6484.jpg,calli-kaggle\data\data\test\yzq\6484.jpg,锣,锣,0.9345707297325134,
6485.jpg,calli-kaggle\data\data\test\yzq\6485.jpg,陂,陂,0.8809813261032104,
6486.jpg,calli-kaggle\data\data\test\yzq\6486.jpg,府,府,0.9989603757858276,
6487.jpg,calli-kaggle\data\data\test\yzq\6487.jpg,们,们,0.8454609513282776,
6488.jpg,calli-kaggle\data\data\test\yzq\6488.jpg,蠊,蠊,0.3040672540664673,
6489.jpg,calli-kaggle\data\data\test\yzq\6489.jpg,米,米,0.9981200098991394,
6490.jpg,calli-kaggle\data\data\test\yzq\6490.jpg,脸,脸,0.8524718880653381,
6491.jpg,calli-kaggle\data\data\test\yzq\6491.jpg,乾,乾,0.9983376264572144,
6492.jpg,calli-kaggle\data\data\test\yzq\6492.jpg,歼,歼,0.7099707722663879,
6493.jpg,calli-kaggle\data\data\test\yzq\6493.jpg,UNKNOWN,,0.0,
6494.jpg,calli-kaggle\data\data\test\yzq\6494.jpg,UNKNOWN,,0.0,
6495.jpg,calli-kaggle\data\data\test\yzq\6495.jpg,日,日,0.4045853614807129,
6496.jpg,calli-kaggle\data\data\test\yzq\6496.jpg,UNKNOWN,,0.0,
6497.jpg,calli-kaggle\data\data\test\yzq\6497.jpg,繇,繇,0.9636120200157166,
6498.jpg,calli-kaggle\data\data\test\yzq\6498.jpg,脘,脘,0.84853595495224,
6499.jpg,calli-kaggle\data\data\test\yzq\6499.jpg,UNKNOWN,,0.0,
6500.jpg,calli-kaggle\data\data\test\yzq\6500.jpg,潮,潮,0.9978870749473572,
6501.jpg,calli-kaggle\data\data\test\yzq\6501.jpg,盲,盲,0.9998183846473694,
6502.jpg,calli-kaggle\data\data\test\yzq\6502.jpg,荔,荔,0.8666910529136658,
6503.jpg,calli-kaggle\data\data\test\yzq\6503.jpg,苯,苯,0.9751502275466919,
6504.jpg,calli-kaggle\data\data\test\yzq\6504.jpg,疤,疤,0.9656566381454468,
6505.jpg,calli-kaggle\data\data\test\yzq\6505.jpg,娼,娼,0.9762412905693054,
6506.jpg,calli-kaggle\data\data\test\yzq\6506.jpg,鸷,鸷,0.3104133903980255,
6507.jpg,calli-kaggle\data\data\test\yzq\6507.jpg,UNKNOWN,,0.0,
6508.jpg,calli-kaggle\data\data\test\yzq\6508.jpg,包,包,0.34181082248687744,
6509.jpg,calli-kaggle\data\data\test\yzq\6509.jpg,UNKNOWN,,0.0,
6510.jpg,calli-kaggle\data\data\test\yzq\6510.jpg,煌,煌,0.9963632225990295,
6511.jpg,calli-kaggle\data\data\test\yzq\6511.jpg,场,场,0.9992627501487732,
6512.jpg,calli-kaggle\data\data\test\yzq\6512.jpg,蹄,蹄,0.9852557182312012,
6513.jpg,calli-kaggle\data\data\test\yzq\6513.jpg,莓,莓,0.9969565868377686,
6514.jpg,calli-kaggle\data\data\test\yzq\6514.jpg,UNKNOWN,,0.0,
6515.jpg,calli-kaggle\data\data\test\yzq\6515.jpg,UNKNOWN,,0.0,
6516.jpg,calli-kaggle\data\data\test\yzq\6516.jpg,暑,暑,0.8493605852127075,
6517.jpg,calli-kaggle\data\data\test\yzq\6517.jpg,峭,峭,0.7263460159301758,
6518.jpg,calli-kaggle\data\data\test\yzq\6518.jpg,搐,搐,0.9591509699821472,
6519.jpg,calli-kaggle\data\data\test\yzq\6519.jpg,浦,浦,0.9845860600471497,
6520.jpg,calli-kaggle\data\data\test\yzq\6520.jpg,忽,忽,0.9645029306411743,
6521.jpg,calli-kaggle\data\data\test\yzq\6521.jpg,隔,隔,0.7707486152648926,
6522.jpg,calli-kaggle\data\data\test\yzq\6522.jpg,擒,擒,0.9983372688293457,
6523.jpg,calli-kaggle\data\data\test\yzq\6523.jpg,UNKNOWN,,0.0,
6524.jpg,calli-kaggle\data\data\test\yzq\6524.jpg,膺,膺,0.9767365455627441,
6525.jpg,calli-kaggle\data\data\test\yzq\6525.jpg,梓,梓,0.9484929442405701,
6526.jpg,calli-kaggle\data\data\test\yzq\6526.jpg,UNKNOWN,,0.0,
6527.jpg,calli-kaggle\data\data\test\yzq\6527.jpg,潜,潜,0.8909896612167358,
6528.jpg,calli-kaggle\data\data\test\yzq\6528.jpg,溃,溃,0.9869695901870728,
6529.jpg,calli-kaggle\data\data\test\yzq\6529.jpg,锖,锖,0.7498537302017212,
6530.jpg,calli-kaggle\data\data\test\yzq\6530.jpg,UNKNOWN,,0.0,
6531.jpg,calli-kaggle\data\data\test\yzq\6531.jpg,早,早,0.9915432929992676,
6532.jpg,calli-kaggle\data\data\test\yzq\6532.jpg,果,果,0.8449728488922119,
6533.jpg,calli-kaggle\data\data\test\yzq\6533.jpg,遣,遣,0.9967086315155029,
6534.jpg,calli-kaggle\data\data\test\yzq\6534.jpg,跛,跛,0.8491594195365906,
6535.jpg,calli-kaggle\data\data\test\yzq\6535.jpg,幢,幢,0.9934377074241638,
6536.jpg,calli-kaggle\data\data\test\yzq\6536.jpg,轱,轱,0.6654799580574036,
6537.jpg,calli-kaggle\data\data\test\yzq\6537.jpg,像,像,0.9994269609451294,
6538.jpg,calli-kaggle\data\data\test\yzq\6538.jpg,UNKNOWN,,0.0,
6539.jpg,calli-kaggle\data\data\test\yzq\6539.jpg,UNKNOWN,,0.0,
6540.jpg,calli-kaggle\data\data\test\yzq\6540.jpg,璩,璩,0.984836995601654,
6541.jpg,calli-kaggle\data\data\test\yzq\6541.jpg,制,制,0.9980487823486328,
6542.jpg,calli-kaggle\data\data\test\yzq\6542.jpg,麻,麻,0.6908193230628967,
6543.jpg,calli-kaggle\data\data\test\yzq\6543.jpg,搀,搀,0.6804915070533752,
6544.jpg,calli-kaggle\data\data\test\yzq\6544.jpg,荧,荧,0.9979037046432495,
6545.jpg,calli-kaggle\data\data\test\yzq\6545.jpg,缢,缢,0.8228676915168762,
6546.jpg,calli-kaggle\data\data\test\yzq\6546.jpg,UNKNOWN,,0.0,
6547.jpg,calli-kaggle\data\data\test\yzq\6547.jpg,虚,虚,0.9958970546722412,
6548.jpg,calli-kaggle\data\data\test\yzq\6548.jpg,UNKNOWN,,0.0,
6549.jpg,calli-kaggle\data\data\test\yzq\6549.jpg,奘,奘,0.9955083131790161,
6550.jpg,calli-kaggle\data\data\test\yzq\6550.jpg,UNKNOWN,,0.0,
6551.jpg,calli-kaggle\data\data\test\yzq\6551.jpg,挹,挹,0.9690586924552917,
6552.jpg,calli-kaggle\data\data\test\yzq\6552.jpg,抖,抖,0.9882545471191406,
6553.jpg,calli-kaggle\data\data\test\yzq\6553.jpg,UNKNOWN,,0.0,
6554.jpg,calli-kaggle\data\data\test\yzq\6554.jpg,蟋,蟋,0.9983135461807251,
6555.jpg,calli-kaggle\data\data\test\yzq\6555.jpg,报,报,0.9916712045669556,
6556.jpg,calli-kaggle\data\data\test\yzq\6556.jpg,悛,悛,0.6379644870758057,
6557.jpg,calli-kaggle\data\data\test\yzq\6557.jpg,UNKNOWN,,0.0,
6558.jpg,calli-kaggle\data\data\test\yzq\6558.jpg,UNKNOWN,,0.0,
6559.jpg,calli-kaggle\data\data\test\yzq\6559.jpg,腺,腺,0.9987741112709045,
6560.jpg,calli-kaggle\data\data\test\yzq\6560.jpg,腮,腮,0.9991174340248108,
6561.jpg,calli-kaggle\data\data\test\yzq\6561.jpg,UNKNOWN,,0.0,
6562.jpg,calli-kaggle\data\data\test\yzq\6562.jpg,垂,垂,0.9972537159919739,
6563.jpg,calli-kaggle\data\data\test\yzq\6563.jpg,UNKNOWN,,0.0,
6564.jpg,calli-kaggle\data\data\test\yzq\6564.jpg,湖,湖,0.994881272315979,
6565.jpg,calli-kaggle\data\data\test\yzq\6565.jpg,铵,铵,0.9798091053962708,
6566.jpg,calli-kaggle\data\data\test\yzq\6566.jpg,鬲,鬲,0.5313998460769653,
6567.jpg,calli-kaggle\data\data\test\yzq\6567.jpg,糖,糖,0.9988216757774353,
6568.jpg,calli-kaggle\data\data\test\yzq\6568.jpg,遭,遭,0.846342146396637,
6569.jpg,calli-kaggle\data\data\test\yzq\6569.jpg,槎,槎,0.9618018865585327,
6570.jpg,calli-kaggle\data\data\test\yzq\6570.jpg,UNKNOWN,,0.0,
6571.jpg,calli-kaggle\data\data\test\yzq\6571.jpg,拣,拣,0.8587404489517212,
6572.jpg,calli-kaggle\data\data\test\yzq\6572.jpg,UNKNOWN,,0.0,
6573.jpg,calli-kaggle\data\data\test\yzq\6573.jpg,掂,掂,0.9900240898132324,
6574.jpg,calli-kaggle\data\data\test\yzq\6574.jpg,昧,昧,0.5323343873023987,
6575.jpg,calli-kaggle\data\data\test\yzq\6575.jpg,UNKNOWN,,0.0,
6576.jpg,calli-kaggle\data\data\test\yzq\6576.jpg,东,东,0.5503667593002319,
6577.jpg,calli-kaggle\data\data\test\yzq\6577.jpg,禊,禊,0.9570181965827942,
6578.jpg,calli-kaggle\data\data\test\yzq\6578.jpg,谊,谊,0.9997759461402893,
6579.jpg,calli-kaggle\data\data\test\yzq\6579.jpg,痍,痍,0.9288256168365479,
6580.jpg,calli-kaggle\data\data\test\yzq\6580.jpg,冥,冥,0.9849776029586792,
6581.jpg,calli-kaggle\data\data\test\yzq\6581.jpg,UNKNOWN,,0.0,
6582.jpg,calli-kaggle\data\data\test\yzq\6582.jpg,逛,逛,0.5209884643554688,
6583.jpg,calli-kaggle\data\data\test\yzq\6583.jpg,牖,牖,0.948908805847168,
6584.jpg,calli-kaggle\data\data\test\yzq\6584.jpg,耽,耽,0.9953145980834961,
6585.jpg,calli-kaggle\data\data\test\yzq\6585.jpg,沿,沿,0.9982956051826477,
6586.jpg,calli-kaggle\data\data\test\yzq\6586.jpg,磷,磷,0.506564199924469,
6587.jpg,calli-kaggle\data\data\test\yzq\6587.jpg,UNKNOWN,,0.0,
6588.jpg,calli-kaggle\data\data\test\yzq\6588.jpg,烧,烧,0.3991674482822418,
6589.jpg,calli-kaggle\data\data\test\yzq\6589.jpg,有,有,0.4603177011013031,
6590.jpg,calli-kaggle\data\data\test\yzq\6590.jpg,苡,苡,0.8459799885749817,
6591.jpg,calli-kaggle\data\data\test\yzq\6591.jpg,UNKNOWN,,0.0,
6592.jpg,calli-kaggle\data\data\test\yzq\6592.jpg,堰,堰,0.9883288145065308,
6593.jpg,calli-kaggle\data\data\test\yzq\6593.jpg,惧,惧,0.6002204418182373,
6594.jpg,calli-kaggle\data\data\test\yzq\6594.jpg,宪,宪,0.9982470273971558,
6595.jpg,calli-kaggle\data\data\test\yzq\6595.jpg,蛋,蛋,0.9919052124023438,
6596.jpg,calli-kaggle\data\data\test\yzq\6596.jpg,槛,槛,0.9874326586723328,
6597.jpg,calli-kaggle\data\data\test\yzq\6597.jpg,UNKNOWN,,0.0,
6598.jpg,calli-kaggle\data\data\test\yzq\6598.jpg,瑷,瑷,0.7098906636238098,
6599.jpg,calli-kaggle\data\data\test\yzq\6599.jpg,障,障,0.9894720911979675,
6600.jpg,calli-kaggle\data\data\test\yzq\6600.jpg,普,普,0.4574945867061615,
6601.jpg,calli-kaggle\data\data\test\yzq\6601.jpg,处,处,0.9989258646965027,
6602.jpg,calli-kaggle\data\data\test\yzq\6602.jpg,数,数,0.5056654810905457,
6603.jpg,calli-kaggle\data\data\test\yzq\6603.jpg,萎,萎,0.6013582348823547,
6604.jpg,calli-kaggle\data\data\test\yzq\6604.jpg,淹,淹,0.9979447722434998,
6605.jpg,calli-kaggle\data\data\test\yzq\6605.jpg,艮,艮,0.43522515892982483,
6606.jpg,calli-kaggle\data\data\test\yzq\6606.jpg,UNKNOWN,,0.0,
6607.jpg,calli-kaggle\data\data\test\yzq\6607.jpg,鹩,鹩,0.33847513794898987,
6608.jpg,calli-kaggle\data\data\test\yzq\6608.jpg,房,房,0.9964667558670044,
6609.jpg,calli-kaggle\data\data\test\yzq\6609.jpg,焦,焦,0.8861387968063354,
6610.jpg,calli-kaggle\data\data\test\yzq\6610.jpg,羯,羯,0.9846330881118774,
6611.jpg,calli-kaggle\data\data\test\yzq\6611.jpg,UNKNOWN,,0.0,
6612.jpg,calli-kaggle\data\data\test\yzq\6612.jpg,冉,冉,0.5911922454833984,
6613.jpg,calli-kaggle\data\data\test\yzq\6613.jpg,观,观,0.35148105025291443,
6614.jpg,calli-kaggle\data\data\test\yzq\6614.jpg,UNKNOWN,,0.0,
6615.jpg,calli-kaggle\data\data\test\yzq\6615.jpg,陌,陌,0.9782235026359558,
6616.jpg,calli-kaggle\data\data\test\yzq\6616.jpg,鞔,鞔,0.665553867816925,
6617.jpg,calli-kaggle\data\data\test\yzq\6617.jpg,坏,坏,0.9726824760437012,
6618.jpg,calli-kaggle\data\data\test\yzq\6618.jpg,团,团,0.9912253022193909,
6619.jpg,calli-kaggle\data\data\test\yzq\6619.jpg,鐮,鐮,0.47949206829071045,
6620.jpg,calli-kaggle\data\data\test\yzq\6620.jpg,睬,睬,0.7139700055122375,
6621.jpg,calli-kaggle\data\data\test\yzq\6621.jpg,UNKNOWN,,0.0,
6622.jpg,calli-kaggle\data\data\test\yzq\6622.jpg,长,长,0.9840164184570312,
6623.jpg,calli-kaggle\data\data\test\yzq\6623.jpg,UNKNOWN,,0.0,
6624.jpg,calli-kaggle\data\data\test\yzq\6624.jpg,未,未,0.9994860887527466,
6625.jpg,calli-kaggle\data\data\test\yzq\6625.jpg,牵,牵,0.9989334940910339,
6626.jpg,calli-kaggle\data\data\test\yzq\6626.jpg,UNKNOWN,,0.0,
6627.jpg,calli-kaggle\data\data\test\yzq\6627.jpg,樾,樾,0.5952857136726379,
6628.jpg,calli-kaggle\data\data\test\yzq\6628.jpg,骨,骨,0.7496506571769714,
6629.jpg,calli-kaggle\data\data\test\yzq\6629.jpg,泗,泗,0.9143571853637695,
6630.jpg,calli-kaggle\data\data\test\yzq\6630.jpg,UNKNOWN,,0.0,
6631.jpg,calli-kaggle\data\data\test\yzq\6631.jpg,瀣,瀣,0.38407546281814575,
6632.jpg,calli-kaggle\data\data\test\yzq\6632.jpg,瑜,瑜,0.9549673795700073,
6633.jpg,calli-kaggle\data\data\test\yzq\6633.jpg,勘,勘,0.9878875017166138,
6634.jpg,calli-kaggle\data\data\test\yzq\6634.jpg,词,词,0.9978861212730408,
6635.jpg,calli-kaggle\data\data\test\yzq\6635.jpg,血,血,0.9090018272399902,
6636.jpg,calli-kaggle\data\data\test\yzq\6636.jpg,蝮,蝮,0.9874804615974426,
6637.jpg,calli-kaggle\data\data\test\yzq\6637.jpg,篡,篡,0.3663942515850067,
6638.jpg,calli-kaggle\data\data\test\yzq\6638.jpg,墓,墓,0.9918316006660461,
6639.jpg,calli-kaggle\data\data\test\yzq\6639.jpg,UNKNOWN,,0.0,
6640.jpg,calli-kaggle\data\data\test\yzq\6640.jpg,堤,堤,0.9960648417472839,
6641.jpg,calli-kaggle\data\data\test\yzq\6641.jpg,UNKNOWN,,0.0,
6642.jpg,calli-kaggle\data\data\test\yzq\6642.jpg,乘,乘,0.9914693236351013,
6643.jpg,calli-kaggle\data\data\test\yzq\6643.jpg,磐,磐,0.9957945346832275,
6644.jpg,calli-kaggle\data\data\test\yzq\6644.jpg,UNKNOWN,,0.0,
6645.jpg,calli-kaggle\data\data\test\yzq\6645.jpg,摁,摁,0.4906329810619354,
6646.jpg,calli-kaggle\data\data\test\yzq\6646.jpg,UNKNOWN,,0.0,
6647.jpg,calli-kaggle\data\data\test\yzq\6647.jpg,狰,狰,0.8394958972930908,
6648.jpg,calli-kaggle\data\data\test\yzq\6648.jpg,UNKNOWN,,0.0,
6649.jpg,calli-kaggle\data\data\test\yzq\6649.jpg,颢,颢,0.9685176014900208,
6650.jpg,calli-kaggle\data\data\test\yzq\6650.jpg,趾,趾,0.9907943606376648,
6651.jpg,calli-kaggle\data\data\test\yzq\6651.jpg,垸,垸,0.6277751922607422,
6652.jpg,calli-kaggle\data\data\test\yzq\6652.jpg,施,施,0.9985719919204712,
6653.jpg,calli-kaggle\data\data\test\yzq\6653.jpg,询,询,0.9985830783843994,
6654.jpg,calli-kaggle\data\data\test\yzq\6654.jpg,常,常,0.9970081448554993,
6655.jpg,calli-kaggle\data\data\test\yzq\6655.jpg,似,似,0.9857370853424072,
6656.jpg,calli-kaggle\data\data\test\yzq\6656.jpg,兢,兢,0.976401150226593,
6657.jpg,calli-kaggle\data\data\test\yzq\6657.jpg,嶂,嶂,0.9954050779342651,
6658.jpg,calli-kaggle\data\data\test\yzq\6658.jpg,基,基,0.33488965034484863,
6659.jpg,calli-kaggle\data\data\test\yzq\6659.jpg,湄,湄,0.9866125583648682,
6660.jpg,calli-kaggle\data\data\test\yzq\6660.jpg,厨,厨,0.9904540777206421,
6661.jpg,calli-kaggle\data\data\test\yzq\6661.jpg,缵,缵,0.5891563892364502,
6662.jpg,calli-kaggle\data\data\test\yzq\6662.jpg,瞽,瞽,0.9652060866355896,
6663.jpg,calli-kaggle\data\data\test\yzq\6663.jpg,UNKNOWN,,0.0,
6664.jpg,calli-kaggle\data\data\test\yzq\6664.jpg,掎,掎,0.710443377494812,
6665.jpg,calli-kaggle\data\data\test\yzq\6665.jpg,续,续,0.9977551102638245,
6666.jpg,calli-kaggle\data\data\test\yzq\6666.jpg,楔,楔,0.9312660694122314,
6667.jpg,calli-kaggle\data\data\test\yzq\6667.jpg,UNKNOWN,,0.0,
6668.jpg,calli-kaggle\data\data\test\yzq\6668.jpg,雀,雀,0.996199905872345,
6669.jpg,calli-kaggle\data\data\test\yzq\6669.jpg,笠,笠,0.9721314907073975,
6670.jpg,calli-kaggle\data\data\test\yzq\6670.jpg,UNKNOWN,,0.0,
6671.jpg,calli-kaggle\data\data\test\yzq\6671.jpg,疑,疑,0.5379847288131714,
6672.jpg,calli-kaggle\data\data\test\yzq\6672.jpg,白,白,0.9922943115234375,
6673.jpg,calli-kaggle\data\data\test\yzq\6673.jpg,UNKNOWN,,0.0,
6674.jpg,calli-kaggle\data\data\test\yzq\6674.jpg,诱,诱,0.9635209441184998,
6675.jpg,calli-kaggle\data\data\test\yzq\6675.jpg,UNKNOWN,,0.0,
6676.jpg,calli-kaggle\data\data\test\yzq\6676.jpg,殁,殁,0.3083862364292145,
6677.jpg,calli-kaggle\data\data\test\yzq\6677.jpg,棣,棣,0.9461032152175903,
6678.jpg,calli-kaggle\data\data\test\yzq\6678.jpg,沸,沸,0.6040402054786682,
6679.jpg,calli-kaggle\data\data\test\yzq\6679.jpg,UNKNOWN,,0.0,
6680.jpg,calli-kaggle\data\data\test\yzq\6680.jpg,栽,栽,0.971856415271759,
6681.jpg,calli-kaggle\data\data\test\yzq\6681.jpg,她,她,0.9756609797477722,
6682.jpg,calli-kaggle\data\data\test\yzq\6682.jpg,纺,纺,0.9861177802085876,
6683.jpg,calli-kaggle\data\data\test\yzq\6683.jpg,UNKNOWN,,0.0,
6684.jpg,calli-kaggle\data\data\test\yzq\6684.jpg,蔗,蔗,0.8177590370178223,
6685.jpg,calli-kaggle\data\data\test\yzq\6685.jpg,UNKNOWN,,0.0,
6686.jpg,calli-kaggle\data\data\test\yzq\6686.jpg,UNKNOWN,,0.0,
6687.jpg,calli-kaggle\data\data\test\yzq\6687.jpg,麝,麝,0.6682736277580261,
6688.jpg,calli-kaggle\data\data\test\yzq\6688.jpg,丘,丘,0.9822306036949158,
6689.jpg,calli-kaggle\data\data\test\yzq\6689.jpg,趣,趣,0.3641192317008972,
6690.jpg,calli-kaggle\data\data\test\yzq\6690.jpg,逼,逼,0.9792169332504272,
6691.jpg,calli-kaggle\data\data\test\yzq\6691.jpg,UNKNOWN,,0.0,
6692.jpg,calli-kaggle\data\data\test\yzq\6692.jpg,茗,茗,0.978312611579895,
6693.jpg,calli-kaggle\data\data\test\yzq\6693.jpg,璧,璧,0.47458410263061523,
6694.jpg,calli-kaggle\data\data\test\yzq\6694.jpg,涤,涤,0.9941403269767761,
6695.jpg,calli-kaggle\data\data\test\yzq\6695.jpg,图,图,0.5552480816841125,
6696.jpg,calli-kaggle\data\data\test\yzq\6696.jpg,屹,屹,0.8440428972244263,
6697.jpg,calli-kaggle\data\data\test\yzq\6697.jpg,碗,碗,0.9966371059417725,
6698.jpg,calli-kaggle\data\data\test\yzq\6698.jpg,牲,牲,0.9444462060928345,
6699.jpg,calli-kaggle\data\data\test\yzq\6699.jpg,狗,狗,0.9936233162879944,
6700.jpg,calli-kaggle\data\data\test\yzq\6700.jpg,獐,獐,0.8687854409217834,
6701.jpg,calli-kaggle\data\data\test\yzq\6701.jpg,隘,隘,0.9988694787025452,
6702.jpg,calli-kaggle\data\data\test\yzq\6702.jpg,殪,殪,0.7269212007522583,
6703.jpg,calli-kaggle\data\data\test\yzq\6703.jpg,待,待,0.997137188911438,
6704.jpg,calli-kaggle\data\data\test\yzq\6704.jpg,脬,脬,0.6241981983184814,
6705.jpg,calli-kaggle\data\data\test\yzq\6705.jpg,UNKNOWN,,0.0,
6706.jpg,calli-kaggle\data\data\test\yzq\6706.jpg,苋,苋,0.6443555355072021,
6707.jpg,calli-kaggle\data\data\test\yzq\6707.jpg,UNKNOWN,,0.0,
6708.jpg,calli-kaggle\data\data\test\yzq\6708.jpg,寡,寡,0.999350368976593,
6709.jpg,calli-kaggle\data\data\test\yzq\6709.jpg,UNKNOWN,,0.0,
6710.jpg,calli-kaggle\data\data\test\yzq\6710.jpg,可,可,0.9992017149925232,
6711.jpg,calli-kaggle\data\data\test\yzq\6711.jpg,骨,骨,0.4511978030204773,
6712.jpg,calli-kaggle\data\data\test\yzq\6712.jpg,面,面,0.9945183396339417,
6713.jpg,calli-kaggle\data\data\test\yzq\6713.jpg,UNKNOWN,,0.0,
6714.jpg,calli-kaggle\data\data\test\yzq\6714.jpg,翌,翌,0.9445908069610596,
6715.jpg,calli-kaggle\data\data\test\yzq\6715.jpg,帘,帘,0.9863351583480835,
6716.jpg,calli-kaggle\data\data\test\yzq\6716.jpg,UNKNOWN,,0.0,
6717.jpg,calli-kaggle\data\data\test\yzq\6717.jpg,艘,艘,0.99403977394104,
6718.jpg,calli-kaggle\data\data\test\yzq\6718.jpg,UNKNOWN,,0.0,
6719.jpg,calli-kaggle\data\data\test\yzq\6719.jpg,减,减,0.996992826461792,
6720.jpg,calli-kaggle\data\data\test\yzq\6720.jpg,恐,恐,0.9956895709037781,
6721.jpg,calli-kaggle\data\data\test\yzq\6721.jpg,荛,荛,0.42600739002227783,
6722.jpg,calli-kaggle\data\data\test\yzq\6722.jpg,毗,毗,0.6002117991447449,
6723.jpg,calli-kaggle\data\data\test\yzq\6723.jpg,UNKNOWN,,0.0,
6724.jpg,calli-kaggle\data\data\test\yzq\6724.jpg,卦,卦,0.9905325174331665,
6725.jpg,calli-kaggle\data\data\test\yzq\6725.jpg,婀,婀,0.5369572043418884,
6726.jpg,calli-kaggle\data\data\test\yzq\6726.jpg,膨,膨,0.9367192983627319,
6727.jpg,calli-kaggle\data\data\test\yzq\6727.jpg,威,威,0.9998308420181274,
6728.jpg,calli-kaggle\data\data\test\yzq\6728.jpg,整,整,0.6918238401412964,
6729.jpg,calli-kaggle\data\data\test\yzq\6729.jpg,UNKNOWN,,0.0,
6730.jpg,calli-kaggle\data\data\test\yzq\6730.jpg,当,当,0.9866716265678406,
6731.jpg,calli-kaggle\data\data\test\yzq\6731.jpg,诺,诺,0.476636677980423,
6732.jpg,calli-kaggle\data\data\test\yzq\6732.jpg,UNKNOWN,,0.0,
6733.jpg,calli-kaggle\data\data\test\yzq\6733.jpg,嗜,嗜,0.9829413294792175,
6734.jpg,calli-kaggle\data\data\test\yzq\6734.jpg,廪,廪,0.670897364616394,
6735.jpg,calli-kaggle\data\data\test\yzq\6735.jpg,尊,尊,0.9985972046852112,
6736.jpg,calli-kaggle\data\data\test\yzq\6736.jpg,東,東,0.9126089215278625,
6737.jpg,calli-kaggle\data\data\test\yzq\6737.jpg,束,束,0.9885075092315674,
6738.jpg,calli-kaggle\data\data\test\yzq\6738.jpg,蒺,蒺,0.5374887585639954,
6739.jpg,calli-kaggle\data\data\test\yzq\6739.jpg,轧,轧,0.3669320344924927,
6740.jpg,calli-kaggle\data\data\test\yzq\6740.jpg,UNKNOWN,,0.0,
6741.jpg,calli-kaggle\data\data\test\yzq\6741.jpg,停,停,0.9987227320671082,
6742.jpg,calli-kaggle\data\data\test\yzq\6742.jpg,瀑,瀑,0.9802147150039673,
6743.jpg,calli-kaggle\data\data\test\yzq\6743.jpg,槿,槿,0.9632410407066345,
6744.jpg,calli-kaggle\data\data\test\yzq\6744.jpg,汗,汗,0.9907734394073486,
6745.jpg,calli-kaggle\data\data\test\yzq\6745.jpg,角,角,0.9959139227867126,
6746.jpg,calli-kaggle\data\data\test\yzq\6746.jpg,鸣,鸣,0.6471086144447327,
6747.jpg,calli-kaggle\data\data\test\yzq\6747.jpg,瓒,瓒,0.8211715221405029,
6748.jpg,calli-kaggle\data\data\test\yzq\6748.jpg,UNKNOWN,,0.0,
6749.jpg,calli-kaggle\data\data\test\yzq\6749.jpg,蜥,蜥,0.9982354640960693,
6750.jpg,calli-kaggle\data\data\test\yzq\6750.jpg,珞,珞,0.5589430928230286,
6751.jpg,calli-kaggle\data\data\test\yzq\6751.jpg,赐,赐,0.9981112480163574,
6752.jpg,calli-kaggle\data\data\test\yzq\6752.jpg,桡,桡,0.6212911009788513,
6753.jpg,calli-kaggle\data\data\test\yzq\6753.jpg,弼,弼,0.9282340407371521,
6754.jpg,calli-kaggle\data\data\test\yzq\6754.jpg,懂,懂,0.8906390070915222,
6755.jpg,calli-kaggle\data\data\test\yzq\6755.jpg,UNKNOWN,,0.0,
6756.jpg,calli-kaggle\data\data\test\yzq\6756.jpg,票,票,0.9994776844978333,
